{
  "baseline_source_sha256": "sha256:390676cc38975095ba124d1932aa8c27dc2b4605e18c495c095ae852f4c96790",
  "benchmark": "sglang-graph-lora-multidraft-v1",
  "candidate_source_sha256": "sha256:8842d8b62f766265142e341e5acc59492ccb41756237bcd9a217568311a76402",
  "case_plan": [
    {
      "case_id": "sglang-slots3-boundary-bf16",
      "contract_tags": [
        "fallback-boundary",
        "graph-replay"
      ],
      "profile_id": "sglang-runtime-kernel-v1",
      "shape": {
        "dtype": "bfloat16",
        "rank": 32,
        "slice_dims": [
          4096
        ],
        "slots": 3,
        "tokens": 16
      }
    },
    {
      "case_id": "sglang-slots4-boundary-bf16",
      "contract_tags": [
        "fastpath-boundary",
        "graph-replay"
      ],
      "profile_id": "sglang-runtime-kernel-v1",
      "shape": {
        "dtype": "bfloat16",
        "rank": 32,
        "slice_dims": [
          4096
        ],
        "slots": 4,
        "tokens": 16
      }
    },
    {
      "case_id": "sglang-decode-tiny-fp16",
      "contract_tags": [
        "decode",
        "tiny-m"
      ],
      "profile_id": "sglang-runtime-kernel-v1",
      "shape": {
        "dtype": "float16",
        "rank": 16,
        "slice_dims": [
          4096
        ],
        "slots": 4,
        "tokens": 1
      }
    },
    {
      "case_id": "sglang-qkv-multislice-fp16",
      "contract_tags": [
        "multi-slice",
        "qkv",
        "dynamic-replay"
      ],
      "profile_id": "sglang-runtime-kernel-v1",
      "shape": {
        "dtype": "float16",
        "rank": 32,
        "slice_dims": [
          4096,
          1024,
          1024
        ],
        "slots": 4,
        "tokens": 16
      }
    },
    {
      "case_id": "sglang-slots16-wide-bf16",
      "contract_tags": [
        "high-slot",
        "wide-output"
      ],
      "profile_id": "sglang-runtime-kernel-v1",
      "shape": {
        "dtype": "bfloat16",
        "rank": 64,
        "slice_dims": [
          8192
        ],
        "slots": 16,
        "tokens": 64
      }
    },
    {
      "case_id": "cutlass-tiny-m-fp16",
      "contract_tags": [
        "tiny-m",
        "epilogue-alias"
      ],
      "profile_id": "cutlass-cute-kernel-library-v1",
      "shape": {
        "dtype": "float16",
        "rank": 8,
        "slice_dims": [
          256
        ],
        "slots": 4,
        "tokens": 1
      }
    },
    {
      "case_id": "cutlass-skinny-bf16",
      "contract_tags": [
        "skinny-shape",
        "wide-output"
      ],
      "profile_id": "cutlass-cute-kernel-library-v1",
      "shape": {
        "dtype": "bfloat16",
        "rank": 16,
        "slice_dims": [
          12288
        ],
        "slots": 4,
        "tokens": 8
      }
    },
    {
      "case_id": "cutlass-nonaligned-k-fp16",
      "contract_tags": [
        "non-aligned-k",
        "odd-token"
      ],
      "profile_id": "cutlass-cute-kernel-library-v1",
      "shape": {
        "dtype": "float16",
        "rank": 24,
        "slice_dims": [
          3072
        ],
        "slots": 5,
        "tokens": 7
      }
    },
    {
      "case_id": "cutlass-nonaligned-n-bf16",
      "contract_tags": [
        "non-aligned-n",
        "odd-token"
      ],
      "profile_id": "cutlass-cute-kernel-library-v1",
      "shape": {
        "dtype": "bfloat16",
        "rank": 40,
        "slice_dims": [
          3073
        ],
        "slots": 5,
        "tokens": 9
      }
    },
    {
      "case_id": "vllm-slots1-control-fp16",
      "contract_tags": [
        "single-adapter-control",
        "fallback"
      ],
      "profile_id": "vllm-kernel-integration-v1",
      "shape": {
        "dtype": "float16",
        "rank": 16,
        "slice_dims": [
          4096
        ],
        "slots": 1,
        "tokens": 4
      }
    },
    {
      "case_id": "vllm-adapter-burst-fp16",
      "contract_tags": [
        "adapter-burst",
        "decode"
      ],
      "profile_id": "vllm-kernel-integration-v1",
      "shape": {
        "dtype": "float16",
        "rank": 16,
        "slice_dims": [
          4096
        ],
        "slots": 8,
        "tokens": 16
      }
    },
    {
      "case_id": "vllm-qkv-bf16",
      "contract_tags": [
        "qkv",
        "multi-slice"
      ],
      "profile_id": "vllm-kernel-integration-v1",
      "shape": {
        "dtype": "bfloat16",
        "rank": 32,
        "slice_dims": [
          4096,
          1024,
          1024
        ],
        "slots": 4,
        "tokens": 32
      }
    },
    {
      "case_id": "vllm-mixed-batch-bf16",
      "contract_tags": [
        "mixed-batch",
        "high-slot"
      ],
      "profile_id": "vllm-kernel-integration-v1",
      "shape": {
        "dtype": "bfloat16",
        "rank": 32,
        "slice_dims": [
          4096
        ],
        "slots": 8,
        "tokens": 96
      }
    },
    {
      "case_id": "megatron-large-batch-bf16",
      "contract_tags": [
        "large-batch",
        "wide-output"
      ],
      "profile_id": "megatron-core-training-kernel-host-v1",
      "shape": {
        "dtype": "bfloat16",
        "rank": 64,
        "slice_dims": [
          8192
        ],
        "slots": 4,
        "tokens": 128
      }
    },
    {
      "case_id": "megatron-tp-slices-fp16",
      "contract_tags": [
        "tensor-parallel-shards",
        "multi-slice"
      ],
      "profile_id": "megatron-core-training-kernel-host-v1",
      "shape": {
        "dtype": "float16",
        "rank": 64,
        "slice_dims": [
          2048,
          2048,
          2048,
          2048
        ],
        "slots": 4,
        "tokens": 64
      }
    },
    {
      "case_id": "megatron-high-rank-bf16",
      "contract_tags": [
        "high-rank",
        "bf16"
      ],
      "profile_id": "megatron-core-training-kernel-host-v1",
      "shape": {
        "dtype": "bfloat16",
        "rank": 128,
        "slice_dims": [
          4096
        ],
        "slots": 4,
        "tokens": 32
      }
    },
    {
      "case_id": "megatron-slots3-control-bf16",
      "contract_tags": [
        "fallback",
        "large-batch"
      ],
      "profile_id": "megatron-core-training-kernel-host-v1",
      "shape": {
        "dtype": "bfloat16",
        "rank": 64,
        "slice_dims": [
          8192
        ],
        "slots": 3,
        "tokens": 128
      }
    },
    {
      "case_id": "deepgemm-tiny-m-fp16",
      "contract_tags": [
        "tiny-m",
        "high-slot"
      ],
      "profile_id": "deepgemm-moe-gemm-kernel-v1",
      "shape": {
        "dtype": "float16",
        "rank": 64,
        "slice_dims": [
          8192
        ],
        "slots": 8,
        "tokens": 2
      }
    },
    {
      "case_id": "deepgemm-throughput-bf16",
      "contract_tags": [
        "throughput",
        "high-slot"
      ],
      "profile_id": "deepgemm-moe-gemm-kernel-v1",
      "shape": {
        "dtype": "bfloat16",
        "rank": 64,
        "slice_dims": [
          8192
        ],
        "slots": 8,
        "tokens": 128
      }
    },
    {
      "case_id": "deepgemm-nonaligned-k-bf16",
      "contract_tags": [
        "non-aligned-k",
        "bf16"
      ],
      "profile_id": "deepgemm-moe-gemm-kernel-v1",
      "shape": {
        "dtype": "bfloat16",
        "rank": 48,
        "slice_dims": [
          6144
        ],
        "slots": 8,
        "tokens": 32
      }
    },
    {
      "case_id": "deepgemm-multislice-fp16",
      "contract_tags": [
        "multi-slice",
        "high-slot"
      ],
      "profile_id": "deepgemm-moe-gemm-kernel-v1",
      "shape": {
        "dtype": "float16",
        "rank": 64,
        "slice_dims": [
          4096,
          4096
        ],
        "slots": 8,
        "tokens": 32
      }
    }
  ],
  "contracts": {
    "baseline": [
      {
        "name": "empty_weights",
        "passed": true,
        "shape": [
          3,
          128
        ]
      },
      {
        "all_finite": true,
        "atol": 0.08,
        "max_abs_error": 1.5232712030410767e-05,
        "mean_abs_error": 1.4145673503662692e-06,
        "name": "mixed_output_dtype",
        "passed": true,
        "rtol": 0.04
      },
      {
        "error": null,
        "name": "gradient",
        "passed": true
      },
      {
        "error": null,
        "name": "gradient_slots4_fallback",
        "passed": true
      },
      {
        "all_finite": true,
        "allocated_output": true,
        "atol": 0.025,
        "max_abs_error": 1.3496726751327515e-05,
        "mean_abs_error": 1.7467182260588743e-06,
        "name": "base_output_none",
        "passed": true,
        "rtol": 0.015
      },
      {
        "name": "zero_tokens",
        "passed": true,
        "shape": [
          0,
          64
        ]
      },
      {
        "name": "concurrent_streams",
        "passed": true,
        "streams": [
          {
            "all_finite": true,
            "atol": 0.025,
            "max_abs_error": 3.263354301452637e-05,
            "mean_abs_error": 3.941028353438014e-06,
            "passed": true,
            "rtol": 0.015
          },
          {
            "all_finite": true,
            "atol": 0.08,
            "max_abs_error": 0.000359460711479187,
            "mean_abs_error": 3.3804903068812564e-05,
            "passed": true,
            "rtol": 0.04
          }
        ]
      }
    ],
    "candidate": [
      {
        "name": "empty_weights",
        "passed": true,
        "shape": [
          3,
          128
        ]
      },
      {
        "all_finite": true,
        "atol": 0.08,
        "max_abs_error": 1.1429190635681152e-05,
        "mean_abs_error": 1.7238347709280788e-06,
        "name": "mixed_output_dtype",
        "passed": true,
        "rtol": 0.04
      },
      {
        "error": null,
        "name": "gradient",
        "passed": true
      },
      {
        "error": null,
        "name": "gradient_slots4_fallback",
        "passed": true
      },
      {
        "all_finite": true,
        "allocated_output": true,
        "atol": 0.025,
        "max_abs_error": 1.5087425708770752e-05,
        "mean_abs_error": 1.6636499822197948e-06,
        "name": "base_output_none",
        "passed": true,
        "rtol": 0.015
      },
      {
        "name": "zero_tokens",
        "passed": true,
        "shape": [
          0,
          64
        ]
      },
      {
        "name": "concurrent_streams",
        "passed": true,
        "streams": [
          {
            "all_finite": true,
            "atol": 0.025,
            "max_abs_error": 3.0353665351867676e-05,
            "mean_abs_error": 3.361345306984731e-06,
            "passed": true,
            "rtol": 0.015
          },
          {
            "all_finite": true,
            "atol": 0.08,
            "max_abs_error": 0.00024159252643585205,
            "mean_abs_error": 2.7517071430338547e-05,
            "passed": true,
            "rtol": 0.04
          }
        ]
      }
    ]
  },
  "correctness": {
    "baseline": [
      {
        "case_id": "sglang-slots3-boundary-bf16",
        "contract_tags": [
          "fallback-boundary",
          "graph-replay"
        ],
        "cuda_graph_dynamic_replay": {
          "all_finite": true,
          "atol": 0.08,
          "max_abs_error": 0.0004012659192085266,
          "mean_abs_error": 3.382765135029331e-05,
          "passed": true,
          "rtol": 0.04
        },
        "cuda_graph_first_replay": {
          "all_finite": true,
          "atol": 0.08,
          "max_abs_error": 0.0003655180335044861,
          "mean_abs_error": 3.427183401072398e-05,
          "passed": true,
          "rtol": 0.04
        },
        "eager": {
          "all_finite": true,
          "atol": 0.08,
          "base_output_alias": true,
          "max_abs_error": 0.00036441534757614136,
          "mean_abs_error": 3.418103733565658e-05,
          "passed": true,
          "rtol": 0.04
        },
        "profile_id": "sglang-runtime-kernel-v1",
        "shape": {
          "dtype": "bfloat16",
          "rank": 32,
          "slice_dims": [
            4096
          ],
          "slots": 3,
          "tokens": 16
        }
      },
      {
        "case_id": "sglang-slots4-boundary-bf16",
        "contract_tags": [
          "fastpath-boundary",
          "graph-replay"
        ],
        "cuda_graph_dynamic_replay": {
          "all_finite": true,
          "atol": 0.08,
          "max_abs_error": 0.00037085264921188354,
          "mean_abs_error": 3.458833089098334e-05,
          "passed": true,
          "rtol": 0.04
        },
        "cuda_graph_first_replay": {
          "all_finite": true,
          "atol": 0.08,
          "max_abs_error": 0.00036519765853881836,
          "mean_abs_error": 3.408422344364226e-05,
          "passed": true,
          "rtol": 0.04
        },
        "eager": {
          "all_finite": true,
          "atol": 0.08,
          "base_output_alias": true,
          "max_abs_error": 0.0003655478358268738,
          "mean_abs_error": 3.410456338315271e-05,
          "passed": true,
          "rtol": 0.04
        },
        "profile_id": "sglang-runtime-kernel-v1",
        "shape": {
          "dtype": "bfloat16",
          "rank": 32,
          "slice_dims": [
            4096
          ],
          "slots": 4,
          "tokens": 16
        }
      },
      {
        "case_id": "sglang-decode-tiny-fp16",
        "contract_tags": [
          "decode",
          "tiny-m"
        ],
        "cuda_graph_dynamic_replay": {
          "all_finite": true,
          "atol": 0.025,
          "max_abs_error": 3.575533628463745e-05,
          "mean_abs_error": 3.901804575434653e-06,
          "passed": true,
          "rtol": 0.015
        },
        "cuda_graph_first_replay": {
          "all_finite": true,
          "atol": 0.025,
          "max_abs_error": 3.1985342502593994e-05,
          "mean_abs_error": 4.022344000986777e-06,
          "passed": true,
          "rtol": 0.015
        },
        "eager": {
          "all_finite": true,
          "atol": 0.025,
          "base_output_alias": true,
          "max_abs_error": 3.715604543685913e-05,
          "mean_abs_error": 3.785688249990926e-06,
          "passed": true,
          "rtol": 0.015
        },
        "profile_id": "sglang-runtime-kernel-v1",
        "shape": {
          "dtype": "float16",
          "rank": 16,
          "slice_dims": [
            4096
          ],
          "slots": 4,
          "tokens": 1
        }
      },
      {
        "case_id": "sglang-qkv-multislice-fp16",
        "contract_tags": [
          "multi-slice",
          "qkv",
          "dynamic-replay"
        ],
        "cuda_graph_dynamic_replay": {
          "all_finite": true,
          "atol": 0.025,
          "max_abs_error": 4.5552849769592285e-05,
          "mean_abs_error": 4.204916876915377e-06,
          "passed": true,
          "rtol": 0.015
        },
        "cuda_graph_first_replay": {
          "all_finite": true,
          "atol": 0.025,
          "max_abs_error": 4.597753286361694e-05,
          "mean_abs_error": 4.3494173951330595e-06,
          "passed": true,
          "rtol": 0.015
        },
        "eager": {
          "all_finite": true,
          "atol": 0.025,
          "base_output_alias": true,
          "max_abs_error": 4.575401544570923e-05,
          "mean_abs_error": 4.283683665562421e-06,
          "passed": true,
          "rtol": 0.015
        },
        "profile_id": "sglang-runtime-kernel-v1",
        "shape": {
          "dtype": "float16",
          "rank": 32,
          "slice_dims": [
            4096,
            1024,
            1024
          ],
          "slots": 4,
          "tokens": 16
        }
      },
      {
        "case_id": "sglang-slots16-wide-bf16",
        "contract_tags": [
          "high-slot",
          "wide-output"
        ],
        "cuda_graph_dynamic_replay": {
          "all_finite": true,
          "atol": 0.08,
          "max_abs_error": 0.0007236599922180176,
          "mean_abs_error": 4.215556327835657e-05,
          "passed": true,
          "rtol": 0.04
        },
        "cuda_graph_first_replay": {
          "all_finite": true,
          "atol": 0.08,
          "max_abs_error": 0.0006589293479919434,
          "mean_abs_error": 4.148282459937036e-05,
          "passed": true,
          "rtol": 0.04
        },
        "eager": {
          "all_finite": true,
          "atol": 0.08,
          "base_output_alias": true,
          "max_abs_error": 0.0006063282489776611,
          "mean_abs_error": 4.243735020281747e-05,
          "passed": true,
          "rtol": 0.04
        },
        "profile_id": "sglang-runtime-kernel-v1",
        "shape": {
          "dtype": "bfloat16",
          "rank": 64,
          "slice_dims": [
            8192
          ],
          "slots": 16,
          "tokens": 64
        }
      },
      {
        "case_id": "cutlass-tiny-m-fp16",
        "contract_tags": [
          "tiny-m",
          "epilogue-alias"
        ],
        "cuda_graph_dynamic_replay": {
          "all_finite": true,
          "atol": 0.025,
          "max_abs_error": 1.7814338207244873e-05,
          "mean_abs_error": 3.2865223147382494e-06,
          "passed": true,
          "rtol": 0.015
        },
        "cuda_graph_first_replay": {
          "all_finite": true,
          "atol": 0.025,
          "max_abs_error": 2.6360154151916504e-05,
          "mean_abs_error": 3.815153377217939e-06,
          "passed": true,
          "rtol": 0.015
        },
        "eager": {
          "all_finite": true,
          "atol": 0.025,
          "base_output_alias": true,
          "max_abs_error": 1.8108636140823364e-05,
          "mean_abs_error": 3.321474650874734e-06,
          "passed": true,
          "rtol": 0.015
        },
        "profile_id": "cutlass-cute-kernel-library-v1",
        "shape": {
          "dtype": "float16",
          "rank": 8,
          "slice_dims": [
            256
          ],
          "slots": 4,
          "tokens": 1
        }
      },
      {
        "case_id": "cutlass-skinny-bf16",
        "contract_tags": [
          "skinny-shape",
          "wide-output"
        ],
        "cuda_graph_dynamic_replay": {
          "all_finite": true,
          "atol": 0.08,
          "max_abs_error": 0.00030838698148727417,
          "mean_abs_error": 2.9379862098721787e-05,
          "passed": true,
          "rtol": 0.04
        },
        "cuda_graph_first_replay": {
          "all_finite": true,
          "atol": 0.08,
          "max_abs_error": 0.00036121904850006104,
          "mean_abs_error": 2.9409777198452502e-05,
          "passed": true,
          "rtol": 0.04
        },
        "eager": {
          "all_finite": true,
          "atol": 0.08,
          "base_output_alias": true,
          "max_abs_error": 0.0003575533628463745,
          "mean_abs_error": 3.0080547730904073e-05,
          "passed": true,
          "rtol": 0.04
        },
        "profile_id": "cutlass-cute-kernel-library-v1",
        "shape": {
          "dtype": "bfloat16",
          "rank": 16,
          "slice_dims": [
            12288
          ],
          "slots": 4,
          "tokens": 8
        }
      },
      {
        "case_id": "cutlass-nonaligned-k-fp16",
        "contract_tags": [
          "non-aligned-k",
          "odd-token"
        ],
        "cuda_graph_dynamic_replay": {
          "all_finite": true,
          "atol": 0.025,
          "max_abs_error": 4.5612454414367676e-05,
          "mean_abs_error": 4.268603333912324e-06,
          "passed": true,
          "rtol": 0.015
        },
        "cuda_graph_first_replay": {
          "all_finite": true,
          "atol": 0.025,
          "max_abs_error": 4.513561725616455e-05,
          "mean_abs_error": 3.972524154960411e-06,
          "passed": true,
          "rtol": 0.015
        },
        "eager": {
          "all_finite": true,
          "atol": 0.025,
          "base_output_alias": true,
          "max_abs_error": 3.886967897415161e-05,
          "mean_abs_error": 3.952131919504609e-06,
          "passed": true,
          "rtol": 0.015
        },
        "profile_id": "cutlass-cute-kernel-library-v1",
        "shape": {
          "dtype": "float16",
          "rank": 24,
          "slice_dims": [
            3072
          ],
          "slots": 5,
          "tokens": 7
        }
      },
      {
        "case_id": "cutlass-nonaligned-n-bf16",
        "contract_tags": [
          "non-aligned-n",
          "odd-token"
        ],
        "cuda_graph_dynamic_replay": {
          "all_finite": true,
          "atol": 0.08,
          "max_abs_error": 0.0003525763750076294,
          "mean_abs_error": 3.6794055631617084e-05,
          "passed": true,
          "rtol": 0.04
        },
        "cuda_graph_first_replay": {
          "all_finite": true,
          "atol": 0.08,
          "max_abs_error": 0.00040937960147857666,
          "mean_abs_error": 3.659057983895764e-05,
          "passed": true,
          "rtol": 0.04
        },
        "eager": {
          "all_finite": true,
          "atol": 0.08,
          "base_output_alias": true,
          "max_abs_error": 0.0003501325845718384,
          "mean_abs_error": 3.5683293390320614e-05,
          "passed": true,
          "rtol": 0.04
        },
        "profile_id": "cutlass-cute-kernel-library-v1",
        "shape": {
          "dtype": "bfloat16",
          "rank": 40,
          "slice_dims": [
            3073
          ],
          "slots": 5,
          "tokens": 9
        }
      },
      {
        "case_id": "vllm-slots1-control-fp16",
        "contract_tags": [
          "single-adapter-control",
          "fallback"
        ],
        "cuda_graph_dynamic_replay": {
          "all_finite": true,
          "atol": 0.025,
          "max_abs_error": 3.701448440551758e-05,
          "mean_abs_error": 3.54471558239311e-06,
          "passed": true,
          "rtol": 0.015
        },
        "cuda_graph_first_replay": {
          "all_finite": true,
          "atol": 0.025,
          "max_abs_error": 4.1604042053222656e-05,
          "mean_abs_error": 3.596218448365107e-06,
          "passed": true,
          "rtol": 0.015
        },
        "eager": {
          "all_finite": true,
          "atol": 0.025,
          "base_output_alias": true,
          "max_abs_error": 3.842264413833618e-05,
          "mean_abs_error": 4.088511559530161e-06,
          "passed": true,
          "rtol": 0.015
        },
        "profile_id": "vllm-kernel-integration-v1",
        "shape": {
          "dtype": "float16",
          "rank": 16,
          "slice_dims": [
            4096
          ],
          "slots": 1,
          "tokens": 4
        }
      },
      {
        "case_id": "vllm-adapter-burst-fp16",
        "contract_tags": [
          "adapter-burst",
          "decode"
        ],
        "cuda_graph_dynamic_replay": {
          "all_finite": true,
          "atol": 0.025,
          "max_abs_error": 4.560500383377075e-05,
          "mean_abs_error": 3.769577233470045e-06,
          "passed": true,
          "rtol": 0.015
        },
        "cuda_graph_first_replay": {
          "all_finite": true,
          "atol": 0.025,
          "max_abs_error": 4.307180643081665e-05,
          "mean_abs_error": 3.644566731964005e-06,
          "passed": true,
          "rtol": 0.015
        },
        "eager": {
          "all_finite": true,
          "atol": 0.025,
          "base_output_alias": true,
          "max_abs_error": 4.442781209945679e-05,
          "mean_abs_error": 3.7027416510682087e-06,
          "passed": true,
          "rtol": 0.015
        },
        "profile_id": "vllm-kernel-integration-v1",
        "shape": {
          "dtype": "float16",
          "rank": 16,
          "slice_dims": [
            4096
          ],
          "slots": 8,
          "tokens": 16
        }
      },
      {
        "case_id": "vllm-qkv-bf16",
        "contract_tags": [
          "qkv",
          "multi-slice"
        ],
        "cuda_graph_dynamic_replay": {
          "all_finite": true,
          "atol": 0.08,
          "max_abs_error": 0.00036578625440597534,
          "mean_abs_error": 3.458151695667766e-05,
          "passed": true,
          "rtol": 0.04
        },
        "cuda_graph_first_replay": {
          "all_finite": true,
          "atol": 0.08,
          "max_abs_error": 0.0003661438822746277,
          "mean_abs_error": 3.47981731465552e-05,
          "passed": true,
          "rtol": 0.04
        },
        "eager": {
          "all_finite": true,
          "atol": 0.08,
          "base_output_alias": true,
          "max_abs_error": 0.0003645867109298706,
          "mean_abs_error": 3.4640390367712826e-05,
          "passed": true,
          "rtol": 0.04
        },
        "profile_id": "vllm-kernel-integration-v1",
        "shape": {
          "dtype": "bfloat16",
          "rank": 32,
          "slice_dims": [
            4096,
            1024,
            1024
          ],
          "slots": 4,
          "tokens": 32
        }
      },
      {
        "case_id": "vllm-mixed-batch-bf16",
        "contract_tags": [
          "mixed-batch",
          "high-slot"
        ],
        "cuda_graph_dynamic_replay": {
          "all_finite": true,
          "atol": 0.08,
          "max_abs_error": 0.00037182122468948364,
          "mean_abs_error": 3.479539736872539e-05,
          "passed": true,
          "rtol": 0.04
        },
        "cuda_graph_first_replay": {
          "all_finite": true,
          "atol": 0.08,
          "max_abs_error": 0.00036609917879104614,
          "mean_abs_error": 3.450919393799268e-05,
          "passed": true,
          "rtol": 0.04
        },
        "eager": {
          "all_finite": true,
          "atol": 0.08,
          "base_output_alias": true,
          "max_abs_error": 0.000475861132144928,
          "mean_abs_error": 3.4648270229808986e-05,
          "passed": true,
          "rtol": 0.04
        },
        "profile_id": "vllm-kernel-integration-v1",
        "shape": {
          "dtype": "bfloat16",
          "rank": 32,
          "slice_dims": [
            4096
          ],
          "slots": 8,
          "tokens": 96
        }
      },
      {
        "case_id": "megatron-large-batch-bf16",
        "contract_tags": [
          "large-batch",
          "wide-output"
        ],
        "cuda_graph_dynamic_replay": {
          "all_finite": true,
          "atol": 0.08,
          "max_abs_error": 0.0006999075412750244,
          "mean_abs_error": 4.181830809102394e-05,
          "passed": true,
          "rtol": 0.04
        },
        "cuda_graph_first_replay": {
          "all_finite": true,
          "atol": 0.08,
          "max_abs_error": 0.0005958080291748047,
          "mean_abs_error": 4.2015053622890264e-05,
          "passed": true,
          "rtol": 0.04
        },
        "eager": {
          "all_finite": true,
          "atol": 0.08,
          "base_output_alias": true,
          "max_abs_error": 0.0007158666849136353,
          "mean_abs_error": 4.220290793455206e-05,
          "passed": true,
          "rtol": 0.04
        },
        "profile_id": "megatron-core-training-kernel-host-v1",
        "shape": {
          "dtype": "bfloat16",
          "rank": 64,
          "slice_dims": [
            8192
          ],
          "slots": 4,
          "tokens": 128
        }
      },
      {
        "case_id": "megatron-tp-slices-fp16",
        "contract_tags": [
          "tensor-parallel-shards",
          "multi-slice"
        ],
        "cuda_graph_dynamic_replay": {
          "all_finite": true,
          "atol": 0.025,
          "max_abs_error": 6.031244993209839e-05,
          "mean_abs_error": 5.253225936030503e-06,
          "passed": true,
          "rtol": 0.015
        },
        "cuda_graph_first_replay": {
          "all_finite": true,
          "atol": 0.025,
          "max_abs_error": 6.809830665588379e-05,
          "mean_abs_error": 5.249866717349505e-06,
          "passed": true,
          "rtol": 0.015
        },
        "eager": {
          "all_finite": true,
          "atol": 0.025,
          "base_output_alias": true,
          "max_abs_error": 6.085634231567383e-05,
          "mean_abs_error": 5.233702722762246e-06,
          "passed": true,
          "rtol": 0.015
        },
        "profile_id": "megatron-core-training-kernel-host-v1",
        "shape": {
          "dtype": "float16",
          "rank": 64,
          "slice_dims": [
            2048,
            2048,
            2048,
            2048
          ],
          "slots": 4,
          "tokens": 64
        }
      },
      {
        "case_id": "megatron-high-rank-bf16",
        "contract_tags": [
          "high-rank",
          "bf16"
        ],
        "cuda_graph_dynamic_replay": {
          "all_finite": true,
          "atol": 0.08,
          "max_abs_error": 0.0006203353404998779,
          "mean_abs_error": 5.242730549070984e-05,
          "passed": true,
          "rtol": 0.04
        },
        "cuda_graph_first_replay": {
          "all_finite": true,
          "atol": 0.08,
          "max_abs_error": 0.0008216500282287598,
          "mean_abs_error": 5.274618524708785e-05,
          "passed": true,
          "rtol": 0.04
        },
        "eager": {
          "all_finite": true,
          "atol": 0.08,
          "base_output_alias": true,
          "max_abs_error": 0.000706791877746582,
          "mean_abs_error": 5.2980311011197045e-05,
          "passed": true,
          "rtol": 0.04
        },
        "profile_id": "megatron-core-training-kernel-host-v1",
        "shape": {
          "dtype": "bfloat16",
          "rank": 128,
          "slice_dims": [
            4096
          ],
          "slots": 4,
          "tokens": 32
        }
      },
      {
        "case_id": "megatron-slots3-control-bf16",
        "contract_tags": [
          "fallback",
          "large-batch"
        ],
        "cuda_graph_dynamic_replay": {
          "all_finite": true,
          "atol": 0.08,
          "max_abs_error": 0.0006026923656463623,
          "mean_abs_error": 4.1851260903058574e-05,
          "passed": true,
          "rtol": 0.04
        },
        "cuda_graph_first_replay": {
          "all_finite": true,
          "atol": 0.08,
          "max_abs_error": 0.0006084740161895752,
          "mean_abs_error": 4.1784198401728645e-05,
          "passed": true,
          "rtol": 0.04
        },
        "eager": {
          "all_finite": true,
          "atol": 0.08,
          "base_output_alias": true,
          "max_abs_error": 0.0007262825965881348,
          "mean_abs_error": 4.192106644040905e-05,
          "passed": true,
          "rtol": 0.04
        },
        "profile_id": "megatron-core-training-kernel-host-v1",
        "shape": {
          "dtype": "bfloat16",
          "rank": 64,
          "slice_dims": [
            8192
          ],
          "slots": 3,
          "tokens": 128
        }
      },
      {
        "case_id": "deepgemm-tiny-m-fp16",
        "contract_tags": [
          "tiny-m",
          "high-slot"
        ],
        "cuda_graph_dynamic_replay": {
          "all_finite": true,
          "atol": 0.025,
          "max_abs_error": 5.241483449935913e-05,
          "mean_abs_error": 5.3763806135975756e-06,
          "passed": true,
          "rtol": 0.015
        },
        "cuda_graph_first_replay": {
          "all_finite": true,
          "atol": 0.025,
          "max_abs_error": 4.565715789794922e-05,
          "mean_abs_error": 4.850316145166289e-06,
          "passed": true,
          "rtol": 0.015
        },
        "eager": {
          "all_finite": true,
          "atol": 0.025,
          "base_output_alias": true,
          "max_abs_error": 4.9658119678497314e-05,
          "mean_abs_error": 5.365944616642082e-06,
          "passed": true,
          "rtol": 0.015
        },
        "profile_id": "deepgemm-moe-gemm-kernel-v1",
        "shape": {
          "dtype": "float16",
          "rank": 64,
          "slice_dims": [
            8192
          ],
          "slots": 8,
          "tokens": 2
        }
      },
      {
        "case_id": "deepgemm-throughput-bf16",
        "contract_tags": [
          "throughput",
          "high-slot"
        ],
        "cuda_graph_dynamic_replay": {
          "all_finite": true,
          "atol": 0.08,
          "max_abs_error": 0.0005832761526107788,
          "mean_abs_error": 4.190488834865391e-05,
          "passed": true,
          "rtol": 0.04
        },
        "cuda_graph_first_replay": {
          "all_finite": true,
          "atol": 0.08,
          "max_abs_error": 0.0007110834121704102,
          "mean_abs_error": 4.204989818390459e-05,
          "passed": true,
          "rtol": 0.04
        },
        "eager": {
          "all_finite": true,
          "atol": 0.08,
          "base_output_alias": true,
          "max_abs_error": 0.0007123053073883057,
          "mean_abs_error": 4.193088170723058e-05,
          "passed": true,
          "rtol": 0.04
        },
        "profile_id": "deepgemm-moe-gemm-kernel-v1",
        "shape": {
          "dtype": "bfloat16",
          "rank": 64,
          "slice_dims": [
            8192
          ],
          "slots": 8,
          "tokens": 128
        }
      },
      {
        "case_id": "deepgemm-nonaligned-k-bf16",
        "contract_tags": [
          "non-aligned-k",
          "bf16"
        ],
        "cuda_graph_dynamic_replay": {
          "all_finite": true,
          "atol": 0.08,
          "max_abs_error": 0.0004879087209701538,
          "mean_abs_error": 3.821108111878857e-05,
          "passed": true,
          "rtol": 0.04
        },
        "cuda_graph_first_replay": {
          "all_finite": true,
          "atol": 0.08,
          "max_abs_error": 0.0004580840468406677,
          "mean_abs_error": 3.834106610156596e-05,
          "passed": true,
          "rtol": 0.04
        },
        "eager": {
          "all_finite": true,
          "atol": 0.08,
          "base_output_alias": true,
          "max_abs_error": 0.00041590631008148193,
          "mean_abs_error": 3.9842889236751944e-05,
          "passed": true,
          "rtol": 0.04
        },
        "profile_id": "deepgemm-moe-gemm-kernel-v1",
        "shape": {
          "dtype": "bfloat16",
          "rank": 48,
          "slice_dims": [
            6144
          ],
          "slots": 8,
          "tokens": 32
        }
      },
      {
        "case_id": "deepgemm-multislice-fp16",
        "contract_tags": [
          "multi-slice",
          "high-slot"
        ],
        "cuda_graph_dynamic_replay": {
          "all_finite": true,
          "atol": 0.025,
          "max_abs_error": 7.177889347076416e-05,
          "mean_abs_error": 5.260873876977712e-06,
          "passed": true,
          "rtol": 0.015
        },
        "cuda_graph_first_replay": {
          "all_finite": true,
          "atol": 0.025,
          "max_abs_error": 6.413459777832031e-05,
          "mean_abs_error": 5.179576874070335e-06,
          "passed": true,
          "rtol": 0.015
        },
        "eager": {
          "all_finite": true,
          "atol": 0.025,
          "base_output_alias": true,
          "max_abs_error": 6.455183029174805e-05,
          "mean_abs_error": 5.220375896897167e-06,
          "passed": true,
          "rtol": 0.015
        },
        "profile_id": "deepgemm-moe-gemm-kernel-v1",
        "shape": {
          "dtype": "float16",
          "rank": 64,
          "slice_dims": [
            4096,
            4096
          ],
          "slots": 8,
          "tokens": 32
        }
      }
    ],
    "candidate": [
      {
        "case_id": "sglang-slots3-boundary-bf16",
        "contract_tags": [
          "fallback-boundary",
          "graph-replay"
        ],
        "cuda_graph_dynamic_replay": {
          "all_finite": true,
          "atol": 0.08,
          "max_abs_error": 0.0004012659192085266,
          "mean_abs_error": 3.382765135029331e-05,
          "passed": true,
          "rtol": 0.04
        },
        "cuda_graph_first_replay": {
          "all_finite": true,
          "atol": 0.08,
          "max_abs_error": 0.0003655180335044861,
          "mean_abs_error": 3.427183401072398e-05,
          "passed": true,
          "rtol": 0.04
        },
        "eager": {
          "all_finite": true,
          "atol": 0.08,
          "base_output_alias": true,
          "max_abs_error": 0.00036441534757614136,
          "mean_abs_error": 3.418103733565658e-05,
          "passed": true,
          "rtol": 0.04
        },
        "profile_id": "sglang-runtime-kernel-v1",
        "shape": {
          "dtype": "bfloat16",
          "rank": 32,
          "slice_dims": [
            4096
          ],
          "slots": 3,
          "tokens": 16
        }
      },
      {
        "case_id": "sglang-slots4-boundary-bf16",
        "contract_tags": [
          "fastpath-boundary",
          "graph-replay"
        ],
        "cuda_graph_dynamic_replay": {
          "all_finite": true,
          "atol": 0.08,
          "max_abs_error": 0.0002441108226776123,
          "mean_abs_error": 2.7484325983095914e-05,
          "passed": true,
          "rtol": 0.04
        },
        "cuda_graph_first_replay": {
          "all_finite": true,
          "atol": 0.08,
          "max_abs_error": 0.0002435445785522461,
          "mean_abs_error": 2.731445783865638e-05,
          "passed": true,
          "rtol": 0.04
        },
        "eager": {
          "all_finite": true,
          "atol": 0.08,
          "base_output_alias": true,
          "max_abs_error": 0.00024386495351791382,
          "mean_abs_error": 2.724789737840183e-05,
          "passed": true,
          "rtol": 0.04
        },
        "profile_id": "sglang-runtime-kernel-v1",
        "shape": {
          "dtype": "bfloat16",
          "rank": 32,
          "slice_dims": [
            4096
          ],
          "slots": 4,
          "tokens": 16
        }
      },
      {
        "case_id": "sglang-decode-tiny-fp16",
        "contract_tags": [
          "decode",
          "tiny-m"
        ],
        "cuda_graph_dynamic_replay": {
          "all_finite": true,
          "atol": 0.025,
          "max_abs_error": 3.0338764190673828e-05,
          "mean_abs_error": 3.2136463232745882e-06,
          "passed": true,
          "rtol": 0.015
        },
        "cuda_graph_first_replay": {
          "all_finite": true,
          "atol": 0.025,
          "max_abs_error": 2.9221177101135254e-05,
          "mean_abs_error": 3.3022040497598937e-06,
          "passed": true,
          "rtol": 0.015
        },
        "eager": {
          "all_finite": true,
          "atol": 0.025,
          "base_output_alias": true,
          "max_abs_error": 2.672523260116577e-05,
          "mean_abs_error": 3.145778691759915e-06,
          "passed": true,
          "rtol": 0.015
        },
        "profile_id": "sglang-runtime-kernel-v1",
        "shape": {
          "dtype": "float16",
          "rank": 16,
          "slice_dims": [
            4096
          ],
          "slots": 4,
          "tokens": 1
        }
      },
      {
        "case_id": "sglang-qkv-multislice-fp16",
        "contract_tags": [
          "multi-slice",
          "qkv",
          "dynamic-replay"
        ],
        "cuda_graph_dynamic_replay": {
          "all_finite": true,
          "atol": 0.025,
          "max_abs_error": 3.0502676963806152e-05,
          "mean_abs_error": 3.371668299223529e-06,
          "passed": true,
          "rtol": 0.015
        },
        "cuda_graph_first_replay": {
          "all_finite": true,
          "atol": 0.025,
          "max_abs_error": 3.0443072319030762e-05,
          "mean_abs_error": 3.4556321679701796e-06,
          "passed": true,
          "rtol": 0.015
        },
        "eager": {
          "all_finite": true,
          "atol": 0.025,
          "base_output_alias": true,
          "max_abs_error": 3.049522638320923e-05,
          "mean_abs_error": 3.4184099604317453e-06,
          "passed": true,
          "rtol": 0.015
        },
        "profile_id": "sglang-runtime-kernel-v1",
        "shape": {
          "dtype": "float16",
          "rank": 32,
          "slice_dims": [
            4096,
            1024,
            1024
          ],
          "slots": 4,
          "tokens": 16
        }
      },
      {
        "case_id": "sglang-slots16-wide-bf16",
        "contract_tags": [
          "high-slot",
          "wide-output"
        ],
        "cuda_graph_dynamic_replay": {
          "all_finite": true,
          "atol": 0.08,
          "max_abs_error": 0.0004733949899673462,
          "mean_abs_error": 3.190321149304509e-05,
          "passed": true,
          "rtol": 0.04
        },
        "cuda_graph_first_replay": {
          "all_finite": true,
          "atol": 0.08,
          "max_abs_error": 0.00033530592918395996,
          "mean_abs_error": 3.143789945170283e-05,
          "passed": true,
          "rtol": 0.04
        },
        "eager": {
          "all_finite": true,
          "atol": 0.08,
          "base_output_alias": true,
          "max_abs_error": 0.0004878193140029907,
          "mean_abs_error": 3.2016690965974703e-05,
          "passed": true,
          "rtol": 0.04
        },
        "profile_id": "sglang-runtime-kernel-v1",
        "shape": {
          "dtype": "bfloat16",
          "rank": 64,
          "slice_dims": [
            8192
          ],
          "slots": 16,
          "tokens": 64
        }
      },
      {
        "case_id": "cutlass-tiny-m-fp16",
        "contract_tags": [
          "tiny-m",
          "epilogue-alias"
        ],
        "cuda_graph_dynamic_replay": {
          "all_finite": true,
          "atol": 0.025,
          "max_abs_error": 1.4372169971466064e-05,
          "mean_abs_error": 2.9845173230569344e-06,
          "passed": true,
          "rtol": 0.015
        },
        "cuda_graph_first_replay": {
          "all_finite": true,
          "atol": 0.025,
          "max_abs_error": 2.6360154151916504e-05,
          "mean_abs_error": 3.5496664168022107e-06,
          "passed": true,
          "rtol": 0.015
        },
        "eager": {
          "all_finite": true,
          "atol": 0.025,
          "base_output_alias": true,
          "max_abs_error": 1.4729797840118408e-05,
          "mean_abs_error": 3.0241462809499353e-06,
          "passed": true,
          "rtol": 0.015
        },
        "profile_id": "cutlass-cute-kernel-library-v1",
        "shape": {
          "dtype": "float16",
          "rank": 8,
          "slice_dims": [
            256
          ],
          "slots": 4,
          "tokens": 1
        }
      },
      {
        "case_id": "cutlass-skinny-bf16",
        "contract_tags": [
          "skinny-shape",
          "wide-output"
        ],
        "cuda_graph_dynamic_replay": {
          "all_finite": true,
          "atol": 0.08,
          "max_abs_error": 0.00024276971817016602,
          "mean_abs_error": 2.4965771444840357e-05,
          "passed": true,
          "rtol": 0.04
        },
        "cuda_graph_first_replay": {
          "all_finite": true,
          "atol": 0.08,
          "max_abs_error": 0.00024412572383880615,
          "mean_abs_error": 2.493971260264516e-05,
          "passed": true,
          "rtol": 0.04
        },
        "eager": {
          "all_finite": true,
          "atol": 0.08,
          "base_output_alias": true,
          "max_abs_error": 0.00024396181106567383,
          "mean_abs_error": 2.5291006750194356e-05,
          "passed": true,
          "rtol": 0.04
        },
        "profile_id": "cutlass-cute-kernel-library-v1",
        "shape": {
          "dtype": "bfloat16",
          "rank": 16,
          "slice_dims": [
            12288
          ],
          "slots": 4,
          "tokens": 8
        }
      },
      {
        "case_id": "cutlass-nonaligned-k-fp16",
        "contract_tags": [
          "non-aligned-k",
          "odd-token"
        ],
        "cuda_graph_dynamic_replay": {
          "all_finite": true,
          "atol": 0.025,
          "max_abs_error": 3.0376017093658447e-05,
          "mean_abs_error": 3.4190702535852324e-06,
          "passed": true,
          "rtol": 0.015
        },
        "cuda_graph_first_replay": {
          "all_finite": true,
          "atol": 0.025,
          "max_abs_error": 2.9869377613067627e-05,
          "mean_abs_error": 3.240974137952435e-06,
          "passed": true,
          "rtol": 0.015
        },
        "eager": {
          "all_finite": true,
          "atol": 0.025,
          "base_output_alias": true,
          "max_abs_error": 2.9832124710083008e-05,
          "mean_abs_error": 3.2411981010227464e-06,
          "passed": true,
          "rtol": 0.015
        },
        "profile_id": "cutlass-cute-kernel-library-v1",
        "shape": {
          "dtype": "float16",
          "rank": 24,
          "slice_dims": [
            3072
          ],
          "slots": 5,
          "tokens": 7
        }
      },
      {
        "case_id": "cutlass-nonaligned-n-bf16",
        "contract_tags": [
          "non-aligned-n",
          "odd-token"
        ],
        "cuda_graph_dynamic_replay": {
          "all_finite": true,
          "atol": 0.08,
          "max_abs_error": 0.0002440139651298523,
          "mean_abs_error": 2.8859931262559257e-05,
          "passed": true,
          "rtol": 0.04
        },
        "cuda_graph_first_replay": {
          "all_finite": true,
          "atol": 0.08,
          "max_abs_error": 0.0002437680959701538,
          "mean_abs_error": 2.8620419470826164e-05,
          "passed": true,
          "rtol": 0.04
        },
        "eager": {
          "all_finite": true,
          "atol": 0.08,
          "base_output_alias": true,
          "max_abs_error": 0.00024391710758209229,
          "mean_abs_error": 2.8001162718283013e-05,
          "passed": true,
          "rtol": 0.04
        },
        "profile_id": "cutlass-cute-kernel-library-v1",
        "shape": {
          "dtype": "bfloat16",
          "rank": 40,
          "slice_dims": [
            3073
          ],
          "slots": 5,
          "tokens": 9
        }
      },
      {
        "case_id": "vllm-slots1-control-fp16",
        "contract_tags": [
          "single-adapter-control",
          "fallback"
        ],
        "cuda_graph_dynamic_replay": {
          "all_finite": true,
          "atol": 0.025,
          "max_abs_error": 3.701448440551758e-05,
          "mean_abs_error": 3.54471558239311e-06,
          "passed": true,
          "rtol": 0.015
        },
        "cuda_graph_first_replay": {
          "all_finite": true,
          "atol": 0.025,
          "max_abs_error": 4.1604042053222656e-05,
          "mean_abs_error": 3.596218448365107e-06,
          "passed": true,
          "rtol": 0.015
        },
        "eager": {
          "all_finite": true,
          "atol": 0.025,
          "base_output_alias": true,
          "max_abs_error": 3.842264413833618e-05,
          "mean_abs_error": 4.088511559530161e-06,
          "passed": true,
          "rtol": 0.015
        },
        "profile_id": "vllm-kernel-integration-v1",
        "shape": {
          "dtype": "float16",
          "rank": 16,
          "slice_dims": [
            4096
          ],
          "slots": 1,
          "tokens": 4
        }
      },
      {
        "case_id": "vllm-adapter-burst-fp16",
        "contract_tags": [
          "adapter-burst",
          "decode"
        ],
        "cuda_graph_dynamic_replay": {
          "all_finite": true,
          "atol": 0.025,
          "max_abs_error": 3.0502676963806152e-05,
          "mean_abs_error": 3.172776359861018e-06,
          "passed": true,
          "rtol": 0.015
        },
        "cuda_graph_first_replay": {
          "all_finite": true,
          "atol": 0.025,
          "max_abs_error": 3.0472874641418457e-05,
          "mean_abs_error": 3.105329824393266e-06,
          "passed": true,
          "rtol": 0.015
        },
        "eager": {
          "all_finite": true,
          "atol": 0.025,
          "base_output_alias": true,
          "max_abs_error": 3.042072057723999e-05,
          "mean_abs_error": 3.116948619208415e-06,
          "passed": true,
          "rtol": 0.015
        },
        "profile_id": "vllm-kernel-integration-v1",
        "shape": {
          "dtype": "float16",
          "rank": 16,
          "slice_dims": [
            4096
          ],
          "slots": 8,
          "tokens": 16
        }
      },
      {
        "case_id": "vllm-qkv-bf16",
        "contract_tags": [
          "qkv",
          "multi-slice"
        ],
        "cuda_graph_dynamic_replay": {
          "all_finite": true,
          "atol": 0.08,
          "max_abs_error": 0.0002441108226776123,
          "mean_abs_error": 2.7552610845305026e-05,
          "passed": true,
          "rtol": 0.04
        },
        "cuda_graph_first_replay": {
          "all_finite": true,
          "atol": 0.08,
          "max_abs_error": 0.00024411827325820923,
          "mean_abs_error": 2.7602058253251016e-05,
          "passed": true,
          "rtol": 0.04
        },
        "eager": {
          "all_finite": true,
          "atol": 0.08,
          "base_output_alias": true,
          "max_abs_error": 0.00024412572383880615,
          "mean_abs_error": 2.76337523246184e-05,
          "passed": true,
          "rtol": 0.04
        },
        "profile_id": "vllm-kernel-integration-v1",
        "shape": {
          "dtype": "bfloat16",
          "rank": 32,
          "slice_dims": [
            4096,
            1024,
            1024
          ],
          "slots": 4,
          "tokens": 32
        }
      },
      {
        "case_id": "vllm-mixed-batch-bf16",
        "contract_tags": [
          "mixed-batch",
          "high-slot"
        ],
        "cuda_graph_dynamic_replay": {
          "all_finite": true,
          "atol": 0.08,
          "max_abs_error": 0.00024410337209701538,
          "mean_abs_error": 2.7665282686939463e-05,
          "passed": true,
          "rtol": 0.04
        },
        "cuda_graph_first_replay": {
          "all_finite": true,
          "atol": 0.08,
          "max_abs_error": 0.00024405121803283691,
          "mean_abs_error": 2.7491709261084907e-05,
          "passed": true,
          "rtol": 0.04
        },
        "eager": {
          "all_finite": true,
          "atol": 0.08,
          "base_output_alias": true,
          "max_abs_error": 0.00033676624298095703,
          "mean_abs_error": 2.7536963898455724e-05,
          "passed": true,
          "rtol": 0.04
        },
        "profile_id": "vllm-kernel-integration-v1",
        "shape": {
          "dtype": "bfloat16",
          "rank": 32,
          "slice_dims": [
            4096
          ],
          "slots": 8,
          "tokens": 96
        }
      },
      {
        "case_id": "megatron-large-batch-bf16",
        "contract_tags": [
          "large-batch",
          "wide-output"
        ],
        "cuda_graph_dynamic_replay": {
          "all_finite": true,
          "atol": 0.08,
          "max_abs_error": 0.00044092535972595215,
          "mean_abs_error": 3.166466558468528e-05,
          "passed": true,
          "rtol": 0.04
        },
        "cuda_graph_first_replay": {
          "all_finite": true,
          "atol": 0.08,
          "max_abs_error": 0.00042182207107543945,
          "mean_abs_error": 3.178361657774076e-05,
          "passed": true,
          "rtol": 0.04
        },
        "eager": {
          "all_finite": true,
          "atol": 0.08,
          "base_output_alias": true,
          "max_abs_error": 0.00047187507152557373,
          "mean_abs_error": 3.185770401614718e-05,
          "passed": true,
          "rtol": 0.04
        },
        "profile_id": "megatron-core-training-kernel-host-v1",
        "shape": {
          "dtype": "bfloat16",
          "rank": 64,
          "slice_dims": [
            8192
          ],
          "slots": 4,
          "tokens": 128
        }
      },
      {
        "case_id": "megatron-tp-slices-fp16",
        "contract_tags": [
          "tensor-parallel-shards",
          "multi-slice"
        ],
        "cuda_graph_dynamic_replay": {
          "all_finite": true,
          "atol": 0.025,
          "max_abs_error": 5.844235420227051e-05,
          "mean_abs_error": 3.974394530814607e-06,
          "passed": true,
          "rtol": 0.015
        },
        "cuda_graph_first_replay": {
          "all_finite": true,
          "atol": 0.025,
          "max_abs_error": 5.8144330978393555e-05,
          "mean_abs_error": 3.971422302129213e-06,
          "passed": true,
          "rtol": 0.015
        },
        "eager": {
          "all_finite": true,
          "atol": 0.025,
          "base_output_alias": true,
          "max_abs_error": 5.716085433959961e-05,
          "mean_abs_error": 3.9638775888306554e-06,
          "passed": true,
          "rtol": 0.015
        },
        "profile_id": "megatron-core-training-kernel-host-v1",
        "shape": {
          "dtype": "float16",
          "rank": 64,
          "slice_dims": [
            2048,
            2048,
            2048,
            2048
          ],
          "slots": 4,
          "tokens": 64
        }
      },
      {
        "case_id": "megatron-high-rank-bf16",
        "contract_tags": [
          "high-rank",
          "bf16"
        ],
        "cuda_graph_dynamic_replay": {
          "all_finite": true,
          "atol": 0.08,
          "max_abs_error": 0.00045734643936157227,
          "mean_abs_error": 3.843441663775593e-05,
          "passed": true,
          "rtol": 0.04
        },
        "cuda_graph_first_replay": {
          "all_finite": true,
          "atol": 0.08,
          "max_abs_error": 0.0004779994487762451,
          "mean_abs_error": 3.857343835989013e-05,
          "passed": true,
          "rtol": 0.04
        },
        "eager": {
          "all_finite": true,
          "atol": 0.08,
          "base_output_alias": true,
          "max_abs_error": 0.00047160685062408447,
          "mean_abs_error": 3.872051456710324e-05,
          "passed": true,
          "rtol": 0.04
        },
        "profile_id": "megatron-core-training-kernel-host-v1",
        "shape": {
          "dtype": "bfloat16",
          "rank": 128,
          "slice_dims": [
            4096
          ],
          "slots": 4,
          "tokens": 32
        }
      },
      {
        "case_id": "megatron-slots3-control-bf16",
        "contract_tags": [
          "fallback",
          "large-batch"
        ],
        "cuda_graph_dynamic_replay": {
          "all_finite": true,
          "atol": 0.08,
          "max_abs_error": 0.0006026923656463623,
          "mean_abs_error": 4.1851260903058574e-05,
          "passed": true,
          "rtol": 0.04
        },
        "cuda_graph_first_replay": {
          "all_finite": true,
          "atol": 0.08,
          "max_abs_error": 0.0006084740161895752,
          "mean_abs_error": 4.1784198401728645e-05,
          "passed": true,
          "rtol": 0.04
        },
        "eager": {
          "all_finite": true,
          "atol": 0.08,
          "base_output_alias": true,
          "max_abs_error": 0.0007262825965881348,
          "mean_abs_error": 4.192106644040905e-05,
          "passed": true,
          "rtol": 0.04
        },
        "profile_id": "megatron-core-training-kernel-host-v1",
        "shape": {
          "dtype": "bfloat16",
          "rank": 64,
          "slice_dims": [
            8192
          ],
          "slots": 3,
          "tokens": 128
        }
      },
      {
        "case_id": "deepgemm-tiny-m-fp16",
        "contract_tags": [
          "tiny-m",
          "high-slot"
        ],
        "cuda_graph_dynamic_replay": {
          "all_finite": true,
          "atol": 0.025,
          "max_abs_error": 3.049522638320923e-05,
          "mean_abs_error": 4.0506483856006525e-06,
          "passed": true,
          "rtol": 0.015
        },
        "cuda_graph_first_replay": {
          "all_finite": true,
          "atol": 0.025,
          "max_abs_error": 3.0443072319030762e-05,
          "mean_abs_error": 3.742349690583069e-06,
          "passed": true,
          "rtol": 0.015
        },
        "eager": {
          "all_finite": true,
          "atol": 0.025,
          "base_output_alias": true,
          "max_abs_error": 3.0487775802612305e-05,
          "mean_abs_error": 4.022707798867486e-06,
          "passed": true,
          "rtol": 0.015
        },
        "profile_id": "deepgemm-moe-gemm-kernel-v1",
        "shape": {
          "dtype": "float16",
          "rank": 64,
          "slice_dims": [
            8192
          ],
          "slots": 8,
          "tokens": 2
        }
      },
      {
        "case_id": "deepgemm-throughput-bf16",
        "contract_tags": [
          "throughput",
          "high-slot"
        ],
        "cuda_graph_dynamic_replay": {
          "all_finite": true,
          "atol": 0.08,
          "max_abs_error": 0.0004471093416213989,
          "mean_abs_error": 3.1723713618703187e-05,
          "passed": true,
          "rtol": 0.04
        },
        "cuda_graph_first_replay": {
          "all_finite": true,
          "atol": 0.08,
          "max_abs_error": 0.0004755258560180664,
          "mean_abs_error": 3.180048952344805e-05,
          "passed": true,
          "rtol": 0.04
        },
        "eager": {
          "all_finite": true,
          "atol": 0.08,
          "base_output_alias": true,
          "max_abs_error": 0.0004800558090209961,
          "mean_abs_error": 3.1729883630760014e-05,
          "passed": true,
          "rtol": 0.04
        },
        "profile_id": "deepgemm-moe-gemm-kernel-v1",
        "shape": {
          "dtype": "bfloat16",
          "rank": 64,
          "slice_dims": [
            8192
          ],
          "slots": 8,
          "tokens": 128
        }
      },
      {
        "case_id": "deepgemm-nonaligned-k-bf16",
        "contract_tags": [
          "non-aligned-k",
          "bf16"
        ],
        "cuda_graph_dynamic_replay": {
          "all_finite": true,
          "atol": 0.08,
          "max_abs_error": 0.00024413317441940308,
          "mean_abs_error": 2.9521292162826285e-05,
          "passed": true,
          "rtol": 0.04
        },
        "cuda_graph_first_replay": {
          "all_finite": true,
          "atol": 0.08,
          "max_abs_error": 0.00024387985467910767,
          "mean_abs_error": 2.959803896374069e-05,
          "passed": true,
          "rtol": 0.04
        },
        "eager": {
          "all_finite": true,
          "atol": 0.08,
          "base_output_alias": true,
          "max_abs_error": 0.0002440810203552246,
          "mean_abs_error": 3.046128222194966e-05,
          "passed": true,
          "rtol": 0.04
        },
        "profile_id": "deepgemm-moe-gemm-kernel-v1",
        "shape": {
          "dtype": "bfloat16",
          "rank": 48,
          "slice_dims": [
            6144
          ],
          "slots": 8,
          "tokens": 32
        }
      },
      {
        "case_id": "deepgemm-multislice-fp16",
        "contract_tags": [
          "multi-slice",
          "high-slot"
        ],
        "cuda_graph_dynamic_replay": {
          "all_finite": true,
          "atol": 0.025,
          "max_abs_error": 5.029141902923584e-05,
          "mean_abs_error": 3.9740189095027745e-06,
          "passed": true,
          "rtol": 0.015
        },
        "cuda_graph_first_replay": {
          "all_finite": true,
          "atol": 0.025,
          "max_abs_error": 5.793571472167969e-05,
          "mean_abs_error": 3.925717464881018e-06,
          "passed": true,
          "rtol": 0.015
        },
        "eager": {
          "all_finite": true,
          "atol": 0.025,
          "base_output_alias": true,
          "max_abs_error": 5.790591239929199e-05,
          "mean_abs_error": 3.954842668463243e-06,
          "passed": true,
          "rtol": 0.015
        },
        "profile_id": "deepgemm-moe-gemm-kernel-v1",
        "shape": {
          "dtype": "float16",
          "rank": 64,
          "slice_dims": [
            4096,
            4096
          ],
          "slots": 8,
          "tokens": 32
        }
      }
    ]
  },
  "draft_profiles": [
    {
      "authority": "native-target-contract",
      "profile_id": "sglang-runtime-kernel-v1",
      "project": "sglang",
      "role": "primary-host"
    },
    {
      "authority": "dense-gemm-contract-proxy",
      "profile_id": "cutlass-cute-kernel-library-v1",
      "project": "cutlass-cute",
      "role": "primary-peer"
    },
    {
      "authority": "host-workload-contract-proxy",
      "profile_id": "vllm-kernel-integration-v1",
      "project": "vllm",
      "role": "secondary-host"
    },
    {
      "authority": "host-workload-contract-proxy",
      "profile_id": "megatron-core-training-kernel-host-v1",
      "project": "megatron-core",
      "role": "secondary-host"
    },
    {
      "authority": "dense-gemm-contract-proxy",
      "profile_id": "deepgemm-moe-gemm-kernel-v1",
      "project": "deepgemm",
      "role": "secondary-peer"
    }
  ],
  "elapsed_seconds": 12.716320164501667,
  "environment": {
    "compute_capability": [
      12,
      0
    ],
    "cuda": "12.8",
    "gpu": "NVIDIA RTX PRO 4000 Blackwell",
    "torch": "2.8.0+cu128"
  },
  "fresh_process": true,
  "iterations_per_sample": 300,
  "performance": [
    {
      "baseline_median_us": 20.50378640492757,
      "candidate_median_us": 20.500693321228027,
      "capture_order": [
        "candidate",
        "baseline"
      ],
      "case_id": "sglang-slots3-boundary-bf16",
      "contract_tags": [
        "fallback-boundary",
        "graph-replay"
      ],
      "paired_ratio_median": 1.0000051948519173,
      "pairs": [
        {
          "baseline_us": 20.53333282470703,
          "candidate_to_baseline": 1.0032572003960845,
          "candidate_us": 20.6002140045166,
          "order": [
            "candidate",
            "baseline"
          ],
          "sample_index": 0,
          "speedup": 0.9967533745137354
        },
        {
          "baseline_us": 20.50378640492757,
          "candidate_to_baseline": 0.9998647272874984,
          "candidate_us": 20.501012802124023,
          "order": [
            "baseline",
            "candidate"
          ],
          "sample_index": 1,
          "speedup": 1.000135291013684
        },
        {
          "baseline_us": 20.504320462544758,
          "candidate_to_baseline": 0.9997866700237199,
          "candidate_us": 20.499946276346844,
          "order": [
            "candidate",
            "baseline"
          ],
          "sample_index": 2,
          "speedup": 1.0002133754956695
        },
        {
          "baseline_us": 20.499839782714844,
          "candidate_to_baseline": 1.0000051948519173,
          "candidate_us": 20.499946276346844,
          "order": [
            "baseline",
            "candidate"
          ],
          "sample_index": 3,
          "speedup": 0.999994805175069
        },
        {
          "baseline_us": 20.498132705688477,
          "candidate_to_baseline": 1.0001249194537043,
          "candidate_us": 20.500693321228027,
          "order": [
            "candidate",
            "baseline"
          ],
          "sample_index": 4,
          "speedup": 0.9998750961492165
        }
      ],
      "profile_id": "sglang-runtime-kernel-v1",
      "shape": {
        "dtype": "bfloat16",
        "rank": 32,
        "slice_dims": [
          4096
        ],
        "slots": 3,
        "tokens": 16
      }
    },
    {
      "baseline_median_us": 26.640853881835938,
      "candidate_median_us": 22.563947041829426,
      "capture_order": [
        "baseline",
        "candidate"
      ],
      "case_id": "sglang-slots4-boundary-bf16",
      "contract_tags": [
        "fastpath-boundary",
        "graph-replay"
      ],
      "paired_ratio_median": 0.8469638641568368,
      "pairs": [
        {
          "baseline_us": 26.7739741007487,
          "candidate_to_baseline": 0.8439678574803938,
          "candidate_us": 22.596373558044434,
          "order": [
            "baseline",
            "candidate"
          ],
          "sample_index": 0,
          "speedup": 1.184879247635602
        },
        {
          "baseline_us": 26.642346382141113,
          "candidate_to_baseline": 0.8467722810907942,
          "candidate_us": 22.5600004196167,
          "order": [
            "candidate",
            "baseline"
          ],
          "sample_index": 1,
          "speedup": 1.180955048164568
        },
        {
          "baseline_us": 26.640853881835938,
          "candidate_to_baseline": 0.8469638641568368,
          "candidate_us": 22.56384054819743,
          "order": [
            "baseline",
            "candidate"
          ],
          "sample_index": 2,
          "speedup": 1.1806879163558088
        },
        {
          "baseline_us": 26.640853881835938,
          "candidate_to_baseline": 0.8469678615374188,
          "candidate_us": 22.563947041829426,
          "order": [
            "candidate",
            "baseline"
          ],
          "sample_index": 3,
          "speedup": 1.180682343937817
        },
        {
          "baseline_us": 26.640106836954754,
          "candidate_to_baseline": 0.8470115997691239,
          "candidate_us": 22.56447950998942,
          "order": [
            "baseline",
            "candidate"
          ],
          "sample_index": 4,
          "speedup": 1.1806213755190333
        }
      ],
      "profile_id": "sglang-runtime-kernel-v1",
      "shape": {
        "dtype": "bfloat16",
        "rank": 32,
        "slice_dims": [
          4096
        ],
        "slots": 4,
        "tokens": 16
      }
    },
    {
      "baseline_median_us": 22.564160029093426,
      "candidate_median_us": 20.50005276997884,
      "capture_order": [
        "candidate",
        "baseline"
      ],
      "case_id": "sglang-decode-tiny-fp16",
      "contract_tags": [
        "decode",
        "tiny-m"
      ],
      "paired_ratio_median": 0.9086503392577947,
      "pairs": [
        {
          "baseline_us": 22.6038392384847,
          "candidate_to_baseline": 0.911392053473197,
          "candidate_us": 20.600959459940594,
          "order": [
            "candidate",
            "baseline"
          ],
          "sample_index": 0,
          "speedup": 1.0972226455005063
        },
        {
          "baseline_us": 22.5655460357666,
          "candidate_to_baseline": 0.9084575108540429,
          "candidate_us": 20.499839782714844,
          "order": [
            "baseline",
            "candidate"
          ],
          "sample_index": 1,
          "speedup": 1.100766946227235
        },
        {
          "baseline_us": 22.55946636199951,
          "candidate_to_baseline": 0.9086503392577947,
          "candidate_us": 20.498666763305664,
          "order": [
            "candidate",
            "baseline"
          ],
          "sample_index": 2,
          "speedup": 1.1005333479727986
        },
        {
          "baseline_us": 22.559253374735516,
          "candidate_to_baseline": 0.9087250771592162,
          "candidate_us": 20.50015926361084,
          "order": [
            "baseline",
            "candidate"
          ],
          "sample_index": 3,
          "speedup": 1.1004428348407862
        },
        {
          "baseline_us": 22.564160029093426,
          "candidate_to_baseline": 0.9085227521674549,
          "candidate_us": 20.50005276997884,
          "order": [
            "candidate",
            "baseline"
          ],
          "sample_index": 4,
          "speedup": 1.1006878997959144
        }
      ],
      "profile_id": "sglang-runtime-kernel-v1",
      "shape": {
        "dtype": "float16",
        "rank": 16,
        "slice_dims": [
          4096
        ],
        "slots": 4,
        "tokens": 1
      }
    },
    {
      "baseline_median_us": 53.2967472076416,
      "candidate_median_us": 34.85621452331543,
      "capture_order": [
        "baseline",
        "candidate"
      ],
      "case_id": "sglang-qkv-multislice-fp16",
      "contract_tags": [
        "multi-slice",
        "qkv",
        "dynamic-replay"
      ],
      "paired_ratio_median": 0.6539619527842889,
      "pairs": [
        {
          "baseline_us": 53.4777577718099,
          "candidate_to_baseline": 0.6525349635800499,
          "candidate_us": 34.8961067199707,
          "order": [
            "baseline",
            "candidate"
          ],
          "sample_index": 0,
          "speedup": 1.5324849330886845
        },
        {
          "baseline_us": 53.31125259399414,
          "candidate_to_baseline": 0.6538247148078117,
          "candidate_us": 34.85621452331543,
          "order": [
            "candidate",
            "baseline"
          ],
          "sample_index": 1,
          "speedup": 1.5294619144122514
        },
        {
          "baseline_us": 53.293867111206055,
          "candidate_to_baseline": 0.6539619527842889,
          "candidate_us": 34.8521614074707,
          "order": [
            "baseline",
            "candidate"
          ],
          "sample_index": 2,
          "speedup": 1.5291409473325317
        },
        {
          "baseline_us": 53.29663912455241,
          "candidate_to_baseline": 0.6539919393632454,
          "candidate_us": 34.85557238260905,
          "order": [
            "candidate",
            "baseline"
          ],
          "sample_index": 3,
          "speedup": 1.529070833768445
        },
        {
          "baseline_us": 53.2967472076416,
          "candidate_to_baseline": 0.654030635272345,
          "candidate_us": 34.857705434163414,
          "order": [
            "baseline",
            "candidate"
          ],
          "sample_index": 4,
          "speedup": 1.5289803658563943
        }
      ],
      "profile_id": "sglang-runtime-kernel-v1",
      "shape": {
        "dtype": "float16",
        "rank": 32,
        "slice_dims": [
          4096,
          1024,
          1024
        ],
        "slots": 4,
        "tokens": 16
      }
    },
    {
      "baseline_median_us": 128.9907201131185,
      "candidate_median_us": 110.5673599243164,
      "capture_order": [
        "candidate",
        "baseline"
      ],
      "case_id": "sglang-slots16-wide-bf16",
      "contract_tags": [
        "high-slot",
        "wide-output"
      ],
      "paired_ratio_median": 0.8571671636809173,
      "pairs": [
        {
          "baseline_us": 129.10282135009766,
          "candidate_to_baseline": 0.8588834163181757,
          "candidate_us": 110.88427225748698,
          "order": [
            "candidate",
            "baseline"
          ],
          "sample_index": 0,
          "speedup": 1.1643023732915427
        },
        {
          "baseline_us": 128.99925231933594,
          "candidate_to_baseline": 0.8571385622391673,
          "candidate_us": 110.57023366292317,
          "order": [
            "baseline",
            "candidate"
          ],
          "sample_index": 1,
          "speedup": 1.166672512537092
        },
        {
          "baseline_us": 128.99028778076172,
          "candidate_to_baseline": 0.8571758527451475,
          "candidate_us": 110.5673599243164,
          "order": [
            "candidate",
            "baseline"
          ],
          "sample_index": 2,
          "speedup": 1.1666217577145357
        },
        {
          "baseline_us": 128.9905039469401,
          "candidate_to_baseline": 0.8571653470654144,
          "candidate_us": 110.56619008382161,
          "order": [
            "baseline",
            "candidate"
          ],
          "sample_index": 3,
          "speedup": 1.1666360561863511
        },
        {
          "baseline_us": 128.9907201131185,
          "candidate_to_baseline": 0.8571671636809173,
          "candidate_us": 110.56660970052083,
          "order": [
            "candidate",
            "baseline"
          ],
          "sample_index": 4,
          "speedup": 1.1666335837057946
        }
      ],
      "profile_id": "sglang-runtime-kernel-v1",
      "shape": {
        "dtype": "bfloat16",
        "rank": 64,
        "slice_dims": [
          8192
        ],
        "slots": 16,
        "tokens": 64
      }
    },
    {
      "baseline_median_us": 22.56480058034261,
      "candidate_median_us": 18.467626571655273,
      "capture_order": [
        "baseline",
        "candidate"
      ],
      "case_id": "cutlass-tiny-m-fp16",
      "contract_tags": [
        "tiny-m",
        "epilogue-alias"
      ],
      "paired_ratio_median": 0.8184263142898501,
      "pairs": [
        {
          "baseline_us": 22.683839797973633,
          "candidate_to_baseline": 0.8155374391844745,
          "candidate_us": 18.499520619710285,
          "order": [
            "baseline",
            "candidate"
          ],
          "sample_index": 0,
          "speedup": 1.2261852760554872
        },
        {
          "baseline_us": 22.564694086710613,
          "candidate_to_baseline": 0.8183356463483407,
          "candidate_us": 18.46549352010091,
          "order": [
            "candidate",
            "baseline"
          ],
          "sample_index": 1,
          "speedup": 1.2219924727247313
        },
        {
          "baseline_us": 22.558719317118328,
          "candidate_to_baseline": 0.8185523859099866,
          "candidate_us": 18.46549352010091,
          "order": [
            "baseline",
            "candidate"
          ],
          "sample_index": 2,
          "speedup": 1.2216689086896957
        },
        {
          "baseline_us": 22.56597359975179,
          "candidate_to_baseline": 0.8188753439654617,
          "candidate_us": 18.478719393412273,
          "order": [
            "candidate",
            "baseline"
          ],
          "sample_index": 3,
          "speedup": 1.221187091990619
        },
        {
          "baseline_us": 22.56480058034261,
          "candidate_to_baseline": 0.8184263142898501,
          "candidate_us": 18.467626571655273,
          "order": [
            "baseline",
            "candidate"
          ],
          "sample_index": 4,
          "speedup": 1.2218570964054372
        }
      ],
      "profile_id": "cutlass-cute-kernel-library-v1",
      "shape": {
        "dtype": "float16",
        "rank": 8,
        "slice_dims": [
          256
        ],
        "slots": 4,
        "tokens": 1
      }
    },
    {
      "baseline_median_us": 29.03029441833496,
      "candidate_median_us": 26.645973523457844,
      "capture_order": [
        "candidate",
        "baseline"
      ],
      "case_id": "cutlass-skinny-bf16",
      "contract_tags": [
        "skinny-shape",
        "wide-output"
      ],
      "paired_ratio_median": 0.9190229813333556,
      "pairs": [
        {
          "baseline_us": 29.0664545694987,
          "candidate_to_baseline": 0.9203150079247414,
          "candidate_us": 26.750294367472332,
          "order": [
            "candidate",
            "baseline"
          ],
          "sample_index": 0,
          "speedup": 1.0865844753036722
        },
        {
          "baseline_us": 29.03029441833496,
          "candidate_to_baseline": 0.9176840896346212,
          "candidate_us": 26.640639305114746,
          "order": [
            "baseline",
            "candidate"
          ],
          "sample_index": 1,
          "speedup": 1.0896996159082948
        },
        {
          "baseline_us": 29.04746691385905,
          "candidate_to_baseline": 0.9173252043793391,
          "candidate_us": 26.645973523457844,
          "order": [
            "candidate",
            "baseline"
          ],
          "sample_index": 2,
          "speedup": 1.0901259392263167
        },
        {
          "baseline_us": 28.987305959065754,
          "candidate_to_baseline": 0.9190229813333556,
          "candidate_us": 26.640000343322754,
          "order": [
            "baseline",
            "candidate"
          ],
          "sample_index": 3,
          "speedup": 1.0881120715274821
        },
        {
          "baseline_us": 28.950185775756836,
          "candidate_to_baseline": 0.9204666528530271,
          "candidate_us": 26.64768060048421,
          "order": [
            "candidate",
            "baseline"
          ],
          "sample_index": 4,
          "speedup": 1.086405462816557
        }
      ],
      "profile_id": "cutlass-cute-kernel-library-v1",
      "shape": {
        "dtype": "bfloat16",
        "rank": 16,
        "slice_dims": [
          12288
        ],
        "slots": 4,
        "tokens": 8
      }
    },
    {
      "baseline_median_us": 28.718827565511067,
      "candidate_median_us": 24.613653818766277,
      "capture_order": [
        "baseline",
        "candidate"
      ],
      "case_id": "cutlass-nonaligned-k-fp16",
      "contract_tags": [
        "non-aligned-k",
        "odd-token"
      ],
      "paired_ratio_median": 0.8570563600697,
      "pairs": [
        {
          "baseline_us": 28.844159444173176,
          "candidate_to_baseline": 0.8546340212934509,
          "candidate_us": 24.65119997660319,
          "order": [
            "baseline",
            "candidate"
          ],
          "sample_index": 0,
          "speedup": 1.1700914954058863
        },
        {
          "baseline_us": 28.73557408650716,
          "candidate_to_baseline": 0.856564296642598,
          "candidate_us": 24.613866806030273,
          "order": [
            "candidate",
            "baseline"
          ],
          "sample_index": 1,
          "speedup": 1.1674546836934654
        },
        {
          "baseline_us": 28.713067372639973,
          "candidate_to_baseline": 0.8571577164303864,
          "candidate_us": 24.611627260843914,
          "order": [
            "baseline",
            "candidate"
          ],
          "sample_index": 2,
          "speedup": 1.166646441875921
        },
        {
          "baseline_us": 28.712854385375977,
          "candidate_to_baseline": 0.8571937460329797,
          "candidate_us": 24.612479209899902,
          "order": [
            "candidate",
            "baseline"
          ],
          "sample_index": 3,
          "speedup": 1.1665974053449593
        },
        {
          "baseline_us": 28.718827565511067,
          "candidate_to_baseline": 0.8570563600697,
          "candidate_us": 24.613653818766277,
          "order": [
            "baseline",
            "candidate"
          ],
          "sample_index": 4,
          "speedup": 1.1667844106759504
        }
      ],
      "profile_id": "cutlass-cute-kernel-library-v1",
      "shape": {
        "dtype": "float16",
        "rank": 24,
        "slice_dims": [
          3072
        ],
        "slots": 5,
        "tokens": 7
      }
    },
    {
      "baseline_median_us": 44.18773333231608,
      "candidate_median_us": 41.0040537516276,
      "capture_order": [
        "candidate",
        "baseline"
      ],
      "case_id": "cutlass-nonaligned-n-bf16",
      "contract_tags": [
        "non-aligned-n",
        "odd-token"
      ],
      "paired_ratio_median": 0.9279510547249515,
      "pairs": [
        {
          "baseline_us": 44.73461469014486,
          "candidate_to_baseline": 0.9192774056083112,
          "candidate_us": 41.12352053324381,
          "order": [
            "candidate",
            "baseline"
          ],
          "sample_index": 0,
          "speedup": 1.087810919641033
        },
        {
          "baseline_us": 44.6340274810791,
          "candidate_to_baseline": 0.9186725031481802,
          "candidate_us": 41.0040537516276,
          "order": [
            "baseline",
            "candidate"
          ],
          "sample_index": 1,
          "speedup": 1.0885271917610686
        },
        {
          "baseline_us": 44.18773333231608,
          "candidate_to_baseline": 0.9279510547249515,
          "candidate_us": 41.0040537516276,
          "order": [
            "candidate",
            "baseline"
          ],
          "sample_index": 2,
          "speedup": 1.0776430447577907
        },
        {
          "baseline_us": 44.11402702331543,
          "candidate_to_baseline": 0.929482103322509,
          "candidate_us": 41.00319862365723,
          "order": [
            "baseline",
            "candidate"
          ],
          "sample_index": 3,
          "speedup": 1.0758679445525836
        },
        {
          "baseline_us": 43.882134755452476,
          "candidate_to_baseline": 0.9344376456720259,
          "candidate_us": 41.00511868794759,
          "order": [
            "candidate",
            "baseline"
          ],
          "sample_index": 4,
          "speedup": 1.0701623641038382
        }
      ],
      "profile_id": "cutlass-cute-kernel-library-v1",
      "shape": {
        "dtype": "bfloat16",
        "rank": 40,
        "slice_dims": [
          3073
        ],
        "slots": 5,
        "tokens": 9
      }
    },
    {
      "baseline_median_us": 6.193493207295735,
      "candidate_median_us": 6.1849598089853925,
      "capture_order": [
        "baseline",
        "candidate"
      ],
      "case_id": "vllm-slots1-control-fp16",
      "contract_tags": [
        "single-adapter-control",
        "fallback"
      ],
      "paired_ratio_median": 0.9990520478021141,
      "pairs": [
        {
          "baseline_us": 6.248639822006226,
          "candidate_to_baseline": 0.9904747260403466,
          "candidate_us": 6.189119815826416,
          "order": [
            "baseline",
            "candidate"
          ],
          "sample_index": 0,
          "speedup": 1.0096168773510585
        },
        {
          "baseline_us": 6.188799937566121,
          "candidate_to_baseline": 0.9990520478021141,
          "candidate_us": 6.182933251063029,
          "order": [
            "candidate",
            "baseline"
          ],
          "sample_index": 1,
          "speedup": 1.0009488516639062
        },
        {
          "baseline_us": 6.193493207295735,
          "candidate_to_baseline": 0.9991561252360708,
          "candidate_us": 6.188266674677531,
          "order": [
            "baseline",
            "candidate"
          ],
          "sample_index": 2,
          "speedup": 1.000844587489998
        },
        {
          "baseline_us": 6.177493333816528,
          "candidate_to_baseline": 1.0012086577460135,
          "candidate_us": 6.1849598089853925,
          "order": [
            "candidate",
            "baseline"
          ],
          "sample_index": 3,
          "speedup": 0.9987928013439931
        },
        {
          "baseline_us": 6.21237317721049,
          "candidate_to_baseline": 0.9947974756729729,
          "candidate_us": 6.180053154627482,
          "order": [
            "baseline",
            "candidate"
          ],
          "sample_index": 4,
          "speedup": 1.005229732135687
        }
      ],
      "profile_id": "vllm-kernel-integration-v1",
      "shape": {
        "dtype": "float16",
        "rank": 16,
        "slice_dims": [
          4096
        ],
        "slots": 1,
        "tokens": 4
      }
    },
    {
      "baseline_median_us": 47.14933395385742,
      "candidate_median_us": 40.97034772237142,
      "capture_order": [
        "candidate",
        "baseline"
      ],
      "case_id": "vllm-adapter-burst-fp16",
      "contract_tags": [
        "adapter-burst",
        "decode"
      ],
      "paired_ratio_median": 0.86898123577657,
      "pairs": [
        {
          "baseline_us": 47.20992088317871,
          "candidate_to_baseline": 0.8715208050228682,
          "candidate_us": 41.14442825317383,
          "order": [
            "candidate",
            "baseline"
          ],
          "sample_index": 0,
          "speedup": 1.1474195386233614
        },
        {
          "baseline_us": 47.140159606933594,
          "candidate_to_baseline": 0.8691177133041635,
          "candidate_us": 40.97034772237142,
          "order": [
            "baseline",
            "candidate"
          ],
          "sample_index": 1,
          "speedup": 1.1505921288823528
        },
        {
          "baseline_us": 47.1502939860026,
          "candidate_to_baseline": 0.8689331319696337,
          "candidate_us": 40.970452626546226,
          "order": [
            "candidate",
            "baseline"
          ],
          "sample_index": 2,
          "speedup": 1.1508365410503723
        },
        {
          "baseline_us": 47.1455987294515,
          "candidate_to_baseline": 0.86898123577657,
          "candidate_us": 40.968640645345054,
          "order": [
            "baseline",
            "candidate"
          ],
          "sample_index": 3,
          "speedup": 1.150772834704934
        },
        {
          "baseline_us": 47.14933395385742,
          "candidate_to_baseline": 0.8688987747893089,
          "candidate_us": 40.96799850463867,
          "order": [
            "candidate",
            "baseline"
          ],
          "sample_index": 4,
          "speedup": 1.1508820463493927
        }
      ],
      "profile_id": "vllm-kernel-integration-v1",
      "shape": {
        "dtype": "float16",
        "rank": 16,
        "slice_dims": [
          4096
        ],
        "slots": 8,
        "tokens": 16
      }
    },
    {
      "baseline_median_us": 56.29610697428385,
      "candidate_median_us": 36.90784136454264,
      "capture_order": [
        "baseline",
        "candidate"
      ],
      "case_id": "vllm-qkv-bf16",
      "contract_tags": [
        "qkv",
        "multi-slice"
      ],
      "paired_ratio_median": 0.6556190717334651,
      "pairs": [
        {
          "baseline_us": 56.360321044921875,
          "candidate_to_baseline": 0.6556082701840736,
          "candidate_us": 36.95029258728027,
          "order": [
            "baseline",
            "candidate"
          ],
          "sample_index": 0,
          "speedup": 1.52530107608196
        },
        {
          "baseline_us": 56.29610697428385,
          "candidate_to_baseline": 0.6556190717334651,
          "candidate_us": 36.90880139668783,
          "order": [
            "candidate",
            "baseline"
          ],
          "sample_index": 1,
          "speedup": 1.5252759462228385
        },
        {
          "baseline_us": 56.196587880452476,
          "candidate_to_baseline": 0.6567591839717777,
          "candidate_us": 36.90762519836426,
          "order": [
            "baseline",
            "candidate"
          ],
          "sample_index": 2,
          "speedup": 1.5226281175886414
        },
        {
          "baseline_us": 56.53216044108073,
          "candidate_to_baseline": 0.6528645124576292,
          "candidate_us": 36.90784136454264,
          "order": [
            "candidate",
            "baseline"
          ],
          "sample_index": 3,
          "speedup": 1.5317113749001632
        },
        {
          "baseline_us": 56.2391471862793,
          "candidate_to_baseline": 0.6562148096923992,
          "candidate_us": 36.904961268107094,
          "order": [
            "baseline",
            "candidate"
          ],
          "sample_index": 4,
          "speedup": 1.5238912399260696
        }
      ],
      "profile_id": "vllm-kernel-integration-v1",
      "shape": {
        "dtype": "bfloat16",
        "rank": 32,
        "slice_dims": [
          4096,
          1024,
          1024
        ],
        "slots": 4,
        "tokens": 32
      }
    },
    {
      "baseline_median_us": 62.20064163208008,
      "candidate_median_us": 51.674559911092125,
      "capture_order": [
        "candidate",
        "baseline"
      ],
      "case_id": "vllm-mixed-batch-bf16",
      "contract_tags": [
        "mixed-batch",
        "high-slot"
      ],
      "paired_ratio_median": 0.8307721360295565,
      "pairs": [
        {
          "baseline_us": 62.936108907063804,
          "candidate_to_baseline": 0.8375528866872735,
          "candidate_us": 52.712319691975914,
          "order": [
            "candidate",
            "baseline"
          ],
          "sample_index": 0,
          "speedup": 1.1939544545721101
        },
        {
          "baseline_us": 62.63178507486979,
          "candidate_to_baseline": 0.8262726867420664,
          "candidate_us": 51.75093332926432,
          "order": [
            "baseline",
            "candidate"
          ],
          "sample_index": 1,
          "speedup": 1.2102542127380826
        },
        {
          "baseline_us": 62.20064163208008,
          "candidate_to_baseline": 0.8307721360295565,
          "candidate_us": 51.674559911092125,
          "order": [
            "candidate",
            "baseline"
          ],
          "sample_index": 2,
          "speedup": 1.2036994942791666
        },
        {
          "baseline_us": 62.143147786458336,
          "candidate_to_baseline": 0.8302036202798531,
          "candidate_us": 51.59146626790365,
          "order": [
            "baseline",
            "candidate"
          ],
          "sample_index": 3,
          "speedup": 1.2045237765440127
        },
        {
          "baseline_us": 61.954453786214195,
          "candidate_to_baseline": 0.8314133283965784,
          "candidate_us": 51.509758631388344,
          "order": [
            "candidate",
            "baseline"
          ],
          "sample_index": 4,
          "speedup": 1.2027711919516004
        }
      ],
      "profile_id": "vllm-kernel-integration-v1",
      "shape": {
        "dtype": "bfloat16",
        "rank": 32,
        "slice_dims": [
          4096
        ],
        "slots": 8,
        "tokens": 96
      }
    },
    {
      "baseline_median_us": 45.06314595540365,
      "candidate_median_us": 38.94869486490885,
      "capture_order": [
        "baseline",
        "candidate"
      ],
      "case_id": "megatron-large-batch-bf16",
      "contract_tags": [
        "large-batch",
        "wide-output"
      ],
      "paired_ratio_median": 0.8642871271288332,
      "pairs": [
        {
          "baseline_us": 45.19146601359049,
          "candidate_to_baseline": 0.8625486652158139,
          "candidate_us": 38.9798386891683,
          "order": [
            "baseline",
            "candidate"
          ],
          "sample_index": 0,
          "speedup": 1.1593548750664349
        },
        {
          "baseline_us": 45.06304105122884,
          "candidate_to_baseline": 0.8643109250983044,
          "candidate_us": 38.94847869873047,
          "order": [
            "candidate",
            "baseline"
          ],
          "sample_index": 1,
          "speedup": 1.1569910444973985
        },
        {
          "baseline_us": 45.06453196207682,
          "candidate_to_baseline": 0.8642871271288332,
          "candidate_us": 38.94869486490885,
          "order": [
            "baseline",
            "candidate"
          ],
          "sample_index": 2,
          "speedup": 1.157022902009435
        },
        {
          "baseline_us": 45.0602658589681,
          "candidate_to_baseline": 0.8643997128976106,
          "candidate_us": 38.95008087158203,
          "order": [
            "candidate",
            "baseline"
          ],
          "sample_index": 3,
          "speedup": 1.1568722028467997
        },
        {
          "baseline_us": 45.06314595540365,
          "candidate_to_baseline": 0.8641550575494298,
          "candidate_us": 38.941545486450195,
          "order": [
            "baseline",
            "candidate"
          ],
          "sample_index": 4,
          "speedup": 1.1571997308397397
        }
      ],
      "profile_id": "megatron-core-training-kernel-host-v1",
      "shape": {
        "dtype": "bfloat16",
        "rank": 64,
        "slice_dims": [
          8192
        ],
        "slots": 4,
        "tokens": 128
      }
    },
    {
      "baseline_median_us": 73.75232060750325,
      "candidate_median_us": 47.15253194173177,
      "capture_order": [
        "candidate",
        "baseline"
      ],
      "case_id": "megatron-tp-slices-fp16",
      "contract_tags": [
        "tensor-parallel-shards",
        "multi-slice"
      ],
      "paired_ratio_median": 0.6394085248003653,
      "pairs": [
        {
          "baseline_us": 73.79701614379883,
          "candidate_to_baseline": 0.6410636974233469,
          "candidate_us": 47.3085880279541,
          "order": [
            "candidate",
            "baseline"
          ],
          "sample_index": 0,
          "speedup": 1.5599073914485257
        },
        {
          "baseline_us": 73.72725168863933,
          "candidate_to_baseline": 0.6395203933256608,
          "candidate_us": 47.15008099873861,
          "order": [
            "baseline",
            "candidate"
          ],
          "sample_index": 1,
          "speedup": 1.5636717928567656
        },
        {
          "baseline_us": 73.74165217081706,
          "candidate_to_baseline": 0.6394085248003653,
          "candidate_us": 47.15104103088379,
          "order": [
            "candidate",
            "baseline"
          ],
          "sample_index": 2,
          "speedup": 1.5639453670284078
        },
        {
          "baseline_us": 73.76522699991862,
          "candidate_to_baseline": 0.6393733655672637,
          "candidate_us": 47.16352144877116,
          "order": [
            "baseline",
            "candidate"
          ],
          "sample_index": 3,
          "speedup": 1.5640313686085154
        },
        {
          "baseline_us": 73.75232060750325,
          "candidate_to_baseline": 0.6393362480438978,
          "candidate_us": 47.15253194173177,
          "order": [
            "candidate",
            "baseline"
          ],
          "sample_index": 4,
          "speedup": 1.5641221705473183
        }
      ],
      "profile_id": "megatron-core-training-kernel-host-v1",
      "shape": {
        "dtype": "float16",
        "rank": 64,
        "slice_dims": [
          2048,
          2048,
          2048,
          2048
        ],
        "slots": 4,
        "tokens": 64
      }
    },
    {
      "baseline_median_us": 30.732800165812176,
      "candidate_median_us": 26.642239888509113,
      "capture_order": [
        "baseline",
        "candidate"
      ],
      "case_id": "megatron-high-rank-bf16",
      "contract_tags": [
        "high-rank",
        "bf16"
      ],
      "paired_ratio_median": 0.8668563637226852,
      "pairs": [
        {
          "baseline_us": 30.904747645060223,
          "candidate_to_baseline": 0.8629009072709118,
          "candidate_us": 26.667734781901043,
          "order": [
            "baseline",
            "candidate"
          ],
          "sample_index": 0,
          "speedup": 1.158881618473076
        },
        {
          "baseline_us": 30.733334223429363,
          "candidate_to_baseline": 0.8668563637226852,
          "candidate_us": 26.64138634999593,
          "order": [
            "candidate",
            "baseline"
          ],
          "sample_index": 1,
          "speedup": 1.1535936538615625
        },
        {
          "baseline_us": 30.732800165812176,
          "candidate_to_baseline": 0.8670484602185234,
          "candidate_us": 26.646827061971027,
          "order": [
            "baseline",
            "candidate"
          ],
          "sample_index": 2,
          "speedup": 1.1533380726470222
        },
        {
          "baseline_us": 30.731201171875,
          "candidate_to_baseline": 0.8669443065210195,
          "candidate_us": 26.642239888509113,
          "order": [
            "candidate",
            "baseline"
          ],
          "sample_index": 3,
          "speedup": 1.153476633364054
        },
        {
          "baseline_us": 30.731840133666992,
          "candidate_to_baseline": 0.866829099154985,
          "candidate_us": 26.63925329844157,
          "order": [
            "baseline",
            "candidate"
          ],
          "sample_index": 4,
          "speedup": 1.1536299380983341
        }
      ],
      "profile_id": "megatron-core-training-kernel-host-v1",
      "shape": {
        "dtype": "bfloat16",
        "rank": 128,
        "slice_dims": [
          4096
        ],
        "slots": 4,
        "tokens": 32
      }
    },
    {
      "baseline_median_us": 34.54890569051107,
      "candidate_median_us": 34.82186635335287,
      "capture_order": [
        "candidate",
        "baseline"
      ],
      "case_id": "megatron-slots3-control-bf16",
      "contract_tags": [
        "fallback",
        "large-batch"
      ],
      "paired_ratio_median": 1.0078389635177885,
      "pairs": [
        {
          "baseline_us": 34.76810773213705,
          "candidate_to_baseline": 1.0049454604103958,
          "candidate_us": 34.9400520324707,
          "order": [
            "candidate",
            "baseline"
          ],
          "sample_index": 0,
          "speedup": 0.9950788768095175
        },
        {
          "baseline_us": 34.667625427246094,
          "candidate_to_baseline": 1.004590714476706,
          "candidate_us": 34.82677459716797,
          "order": [
            "baseline",
            "candidate"
          ],
          "sample_index": 1,
          "speedup": 0.9954302638770683
        },
        {
          "baseline_us": 34.54890569051107,
          "candidate_to_baseline": 1.0078389635177885,
          "candidate_us": 34.8197333017985,
          "order": [
            "candidate",
            "baseline"
          ],
          "sample_index": 2,
          "speedup": 0.9922220078786921
        },
        {
          "baseline_us": 34.28277333577474,
          "candidate_to_baseline": 1.015547509798387,
          "candidate_us": 34.81578509012858,
          "order": [
            "baseline",
            "candidate"
          ],
          "sample_index": 3,
          "speedup": 0.984690514576247
        },
        {
          "baseline_us": 34.165547688802086,
          "candidate_to_baseline": 1.019209955904377,
          "candidate_us": 34.82186635335287,
          "order": [
            "candidate",
            "baseline"
          ],
          "sample_index": 4,
          "speedup": 0.981152111208204
        }
      ],
      "profile_id": "megatron-core-training-kernel-host-v1",
      "shape": {
        "dtype": "bfloat16",
        "rank": 64,
        "slice_dims": [
          8192
        ],
        "slots": 3,
        "tokens": 128
      }
    },
    {
      "baseline_median_us": 49.156907399495445,
      "candidate_median_us": 41.005547841389976,
      "capture_order": [
        "baseline",
        "candidate"
      ],
      "case_id": "deepgemm-tiny-m-fp16",
      "contract_tags": [
        "tiny-m",
        "high-slot"
      ],
      "paired_ratio_median": 0.8341484610202162,
      "pairs": [
        {
          "baseline_us": 49.37397321065267,
          "candidate_to_baseline": 0.8314340038176096,
          "candidate_us": 41.05120023091634,
          "order": [
            "baseline",
            "candidate"
          ],
          "sample_index": 0,
          "speedup": 1.202741282420978
        },
        {
          "baseline_us": 49.15349324544271,
          "candidate_to_baseline": 0.8342346623592581,
          "candidate_us": 41.005547841389976,
          "order": [
            "candidate",
            "baseline"
          ],
          "sample_index": 1,
          "speedup": 1.198703488502802
        },
        {
          "baseline_us": 49.15744145711263,
          "candidate_to_baseline": 0.834132931839778,
          "candidate_us": 41.00384076436361,
          "order": [
            "baseline",
            "candidate"
          ],
          "sample_index": 2,
          "speedup": 1.1988496819018795
        },
        {
          "baseline_us": 49.154561360677086,
          "candidate_to_baseline": 0.8342577306093222,
          "candidate_us": 41.00757280985514,
          "order": [
            "candidate",
            "baseline"
          ],
          "sample_index": 3,
          "speedup": 1.1986703428802794
        },
        {
          "baseline_us": 49.156907399495445,
          "candidate_to_baseline": 0.8341484610202162,
          "candidate_us": 41.00415865580241,
          "order": [
            "baseline",
            "candidate"
          ],
          "sample_index": 4,
          "speedup": 1.1988273631494049
        }
      ],
      "profile_id": "deepgemm-moe-gemm-kernel-v1",
      "shape": {
        "dtype": "float16",
        "rank": 64,
        "slice_dims": [
          8192
        ],
        "slots": 8,
        "tokens": 2
      }
    },
    {
      "baseline_median_us": 88.04992039998372,
      "candidate_median_us": 75.85973103841145,
      "capture_order": [
        "candidate",
        "baseline"
      ],
      "case_id": "deepgemm-throughput-bf16",
      "contract_tags": [
        "throughput",
        "high-slot"
      ],
      "paired_ratio_median": 0.861550547851287,
      "pairs": [
        {
          "baseline_us": 88.11306635538737,
          "candidate_to_baseline": 0.8638852175848061,
          "candidate_us": 76.11957550048828,
          "order": [
            "candidate",
            "baseline"
          ],
          "sample_index": 0,
          "speedup": 1.1575611894317799
        },
        {
          "baseline_us": 88.0463981628418,
          "candidate_to_baseline": 0.8613204418297692,
          "candidate_us": 75.83616256713867,
          "order": [
            "baseline",
            "candidate"
          ],
          "sample_index": 1,
          "speedup": 1.1610080887847305
        },
        {
          "baseline_us": 88.03808212280273,
          "candidate_to_baseline": 0.8614345160062404,
          "candidate_us": 75.83904266357422,
          "order": [
            "candidate",
            "baseline"
          ],
          "sample_index": 2,
          "speedup": 1.1608543440262564
        },
        {
          "baseline_us": 88.05023829142253,
          "candidate_to_baseline": 0.861550547851287,
          "candidate_us": 75.85973103841145,
          "order": [
            "baseline",
            "candidate"
          ],
          "sample_index": 3,
          "speedup": 1.1606980025652667
        },
        {
          "baseline_us": 88.04992039998372,
          "candidate_to_baseline": 0.8616930180434694,
          "candidate_us": 75.87200164794922,
          "order": [
            "candidate",
            "baseline"
          ],
          "sample_index": 4,
          "speedup": 1.1605060956285402
        }
      ],
      "profile_id": "deepgemm-moe-gemm-kernel-v1",
      "shape": {
        "dtype": "bfloat16",
        "rank": 64,
        "slice_dims": [
          8192
        ],
        "slots": 8,
        "tokens": 128
      }
    },
    {
      "baseline_median_us": 55.340162913004555,
      "candidate_median_us": 47.11104075113932,
      "capture_order": [
        "baseline",
        "candidate"
      ],
      "case_id": "deepgemm-nonaligned-k-bf16",
      "contract_tags": [
        "non-aligned-k",
        "bf16"
      ],
      "paired_ratio_median": 0.8512896278888888,
      "pairs": [
        {
          "baseline_us": 55.536746978759766,
          "candidate_to_baseline": 0.8492462371961638,
          "candidate_us": 47.16437339782715,
          "order": [
            "baseline",
            "candidate"
          ],
          "sample_index": 0,
          "speedup": 1.1775147845241665
        },
        {
          "baseline_us": 55.33962885538737,
          "candidate_to_baseline": 0.8513286905783446,
          "candidate_us": 47.1122137705485,
          "order": [
            "candidate",
            "baseline"
          ],
          "sample_index": 1,
          "speedup": 1.1746344403366185
        },
        {
          "baseline_us": 55.347843170166016,
          "candidate_to_baseline": 0.8511599555359662,
          "candidate_us": 47.10986773173014,
          "order": [
            "baseline",
            "candidate"
          ],
          "sample_index": 2,
          "speedup": 1.1748673013761681
        },
        {
          "baseline_us": 55.338134765625,
          "candidate_to_baseline": 0.8513304785329303,
          "candidate_us": 47.11104075113932,
          "order": [
            "candidate",
            "baseline"
          ],
          "sample_index": 3,
          "speedup": 1.1746319733827302
        },
        {
          "baseline_us": 55.340162913004555,
          "candidate_to_baseline": 0.8512896278888888,
          "candidate_us": 47.11050669352213,
          "order": [
            "baseline",
            "candidate"
          ],
          "sample_index": 4,
          "speedup": 1.174688340183232
        }
      ],
      "profile_id": "deepgemm-moe-gemm-kernel-v1",
      "shape": {
        "dtype": "bfloat16",
        "rank": 48,
        "slice_dims": [
          6144
        ],
        "slots": 8,
        "tokens": 32
      }
    },
    {
      "baseline_median_us": 84.03690973917644,
      "candidate_median_us": 57.692909240722656,
      "capture_order": [
        "candidate",
        "baseline"
      ],
      "case_id": "deepgemm-multislice-fp16",
      "contract_tags": [
        "multi-slice",
        "high-slot"
      ],
      "paired_ratio_median": 0.6864725202500206,
      "pairs": [
        {
          "baseline_us": 84.12298838297527,
          "candidate_to_baseline": 0.7016304848118136,
          "candidate_us": 59.02325312296549,
          "order": [
            "candidate",
            "baseline"
          ],
          "sample_index": 0,
          "speedup": 1.4252516412085672
        },
        {
          "baseline_us": 84.03605143229167,
          "candidate_to_baseline": 0.6874916021876074,
          "candidate_us": 57.77407964070638,
          "order": [
            "baseline",
            "candidate"
          ],
          "sample_index": 1,
          "speedup": 1.4545632220349844
        },
        {
          "baseline_us": 84.03573354085286,
          "candidate_to_baseline": 0.685953311920596,
          "candidate_us": 57.64458974202474,
          "order": [
            "candidate",
            "baseline"
          ],
          "sample_index": 2,
          "speedup": 1.4578251648061975
        },
        {
          "baseline_us": 84.04256184895833,
          "candidate_to_baseline": 0.6864725202500206,
          "candidate_us": 57.692909240722656,
          "order": [
            "baseline",
            "candidate"
          ],
          "sample_index": 3,
          "speedup": 1.4567225497035037
        },
        {
          "baseline_us": 84.03690973917644,
          "candidate_to_baseline": 0.685759642084352,
          "candidate_us": 57.62912114461263,
          "order": [
            "candidate",
            "baseline"
          ],
          "sample_index": 4,
          "speedup": 1.458236878683209
        }
      ],
      "profile_id": "deepgemm-moe-gemm-kernel-v1",
      "shape": {
        "dtype": "float16",
        "rank": 64,
        "slice_dims": [
          4096,
          4096
        ],
        "slots": 8,
        "tokens": 32
      }
    }
  ],
  "replay_index": 5,
  "samples_per_case": 5,
  "schema_version": "0.5"
}
