{
  "baseline_source_sha256": "sha256:390676cc38975095ba124d1932aa8c27dc2b4605e18c495c095ae852f4c96790",
  "benchmark": "sglang-graph-lora-multidraft-v1",
  "candidate_source_sha256": "sha256:8842d8b62f766265142e341e5acc59492ccb41756237bcd9a217568311a76402",
  "case_plan": [
    {
      "case_id": "sglang-slots3-boundary-bf16",
      "contract_tags": [
        "fallback-boundary",
        "graph-replay"
      ],
      "profile_id": "sglang-runtime-kernel-v1",
      "shape": {
        "dtype": "bfloat16",
        "rank": 32,
        "slice_dims": [
          4096
        ],
        "slots": 3,
        "tokens": 16
      }
    },
    {
      "case_id": "sglang-slots4-boundary-bf16",
      "contract_tags": [
        "fastpath-boundary",
        "graph-replay"
      ],
      "profile_id": "sglang-runtime-kernel-v1",
      "shape": {
        "dtype": "bfloat16",
        "rank": 32,
        "slice_dims": [
          4096
        ],
        "slots": 4,
        "tokens": 16
      }
    },
    {
      "case_id": "sglang-decode-tiny-fp16",
      "contract_tags": [
        "decode",
        "tiny-m"
      ],
      "profile_id": "sglang-runtime-kernel-v1",
      "shape": {
        "dtype": "float16",
        "rank": 16,
        "slice_dims": [
          4096
        ],
        "slots": 4,
        "tokens": 1
      }
    },
    {
      "case_id": "sglang-qkv-multislice-fp16",
      "contract_tags": [
        "multi-slice",
        "qkv",
        "dynamic-replay"
      ],
      "profile_id": "sglang-runtime-kernel-v1",
      "shape": {
        "dtype": "float16",
        "rank": 32,
        "slice_dims": [
          4096,
          1024,
          1024
        ],
        "slots": 4,
        "tokens": 16
      }
    },
    {
      "case_id": "sglang-slots16-wide-bf16",
      "contract_tags": [
        "high-slot",
        "wide-output"
      ],
      "profile_id": "sglang-runtime-kernel-v1",
      "shape": {
        "dtype": "bfloat16",
        "rank": 64,
        "slice_dims": [
          8192
        ],
        "slots": 16,
        "tokens": 64
      }
    },
    {
      "case_id": "cutlass-tiny-m-fp16",
      "contract_tags": [
        "tiny-m",
        "epilogue-alias"
      ],
      "profile_id": "cutlass-cute-kernel-library-v1",
      "shape": {
        "dtype": "float16",
        "rank": 8,
        "slice_dims": [
          256
        ],
        "slots": 4,
        "tokens": 1
      }
    },
    {
      "case_id": "cutlass-skinny-bf16",
      "contract_tags": [
        "skinny-shape",
        "wide-output"
      ],
      "profile_id": "cutlass-cute-kernel-library-v1",
      "shape": {
        "dtype": "bfloat16",
        "rank": 16,
        "slice_dims": [
          12288
        ],
        "slots": 4,
        "tokens": 8
      }
    },
    {
      "case_id": "cutlass-nonaligned-k-fp16",
      "contract_tags": [
        "non-aligned-k",
        "odd-token"
      ],
      "profile_id": "cutlass-cute-kernel-library-v1",
      "shape": {
        "dtype": "float16",
        "rank": 24,
        "slice_dims": [
          3072
        ],
        "slots": 5,
        "tokens": 7
      }
    },
    {
      "case_id": "cutlass-nonaligned-n-bf16",
      "contract_tags": [
        "non-aligned-n",
        "odd-token"
      ],
      "profile_id": "cutlass-cute-kernel-library-v1",
      "shape": {
        "dtype": "bfloat16",
        "rank": 40,
        "slice_dims": [
          3073
        ],
        "slots": 5,
        "tokens": 9
      }
    },
    {
      "case_id": "vllm-slots1-control-fp16",
      "contract_tags": [
        "single-adapter-control",
        "fallback"
      ],
      "profile_id": "vllm-kernel-integration-v1",
      "shape": {
        "dtype": "float16",
        "rank": 16,
        "slice_dims": [
          4096
        ],
        "slots": 1,
        "tokens": 4
      }
    },
    {
      "case_id": "vllm-adapter-burst-fp16",
      "contract_tags": [
        "adapter-burst",
        "decode"
      ],
      "profile_id": "vllm-kernel-integration-v1",
      "shape": {
        "dtype": "float16",
        "rank": 16,
        "slice_dims": [
          4096
        ],
        "slots": 8,
        "tokens": 16
      }
    },
    {
      "case_id": "vllm-qkv-bf16",
      "contract_tags": [
        "qkv",
        "multi-slice"
      ],
      "profile_id": "vllm-kernel-integration-v1",
      "shape": {
        "dtype": "bfloat16",
        "rank": 32,
        "slice_dims": [
          4096,
          1024,
          1024
        ],
        "slots": 4,
        "tokens": 32
      }
    },
    {
      "case_id": "vllm-mixed-batch-bf16",
      "contract_tags": [
        "mixed-batch",
        "high-slot"
      ],
      "profile_id": "vllm-kernel-integration-v1",
      "shape": {
        "dtype": "bfloat16",
        "rank": 32,
        "slice_dims": [
          4096
        ],
        "slots": 8,
        "tokens": 96
      }
    },
    {
      "case_id": "megatron-large-batch-bf16",
      "contract_tags": [
        "large-batch",
        "wide-output"
      ],
      "profile_id": "megatron-core-training-kernel-host-v1",
      "shape": {
        "dtype": "bfloat16",
        "rank": 64,
        "slice_dims": [
          8192
        ],
        "slots": 4,
        "tokens": 128
      }
    },
    {
      "case_id": "megatron-tp-slices-fp16",
      "contract_tags": [
        "tensor-parallel-shards",
        "multi-slice"
      ],
      "profile_id": "megatron-core-training-kernel-host-v1",
      "shape": {
        "dtype": "float16",
        "rank": 64,
        "slice_dims": [
          2048,
          2048,
          2048,
          2048
        ],
        "slots": 4,
        "tokens": 64
      }
    },
    {
      "case_id": "megatron-high-rank-bf16",
      "contract_tags": [
        "high-rank",
        "bf16"
      ],
      "profile_id": "megatron-core-training-kernel-host-v1",
      "shape": {
        "dtype": "bfloat16",
        "rank": 128,
        "slice_dims": [
          4096
        ],
        "slots": 4,
        "tokens": 32
      }
    },
    {
      "case_id": "megatron-slots3-control-bf16",
      "contract_tags": [
        "fallback",
        "large-batch"
      ],
      "profile_id": "megatron-core-training-kernel-host-v1",
      "shape": {
        "dtype": "bfloat16",
        "rank": 64,
        "slice_dims": [
          8192
        ],
        "slots": 3,
        "tokens": 128
      }
    },
    {
      "case_id": "deepgemm-tiny-m-fp16",
      "contract_tags": [
        "tiny-m",
        "high-slot"
      ],
      "profile_id": "deepgemm-moe-gemm-kernel-v1",
      "shape": {
        "dtype": "float16",
        "rank": 64,
        "slice_dims": [
          8192
        ],
        "slots": 8,
        "tokens": 2
      }
    },
    {
      "case_id": "deepgemm-throughput-bf16",
      "contract_tags": [
        "throughput",
        "high-slot"
      ],
      "profile_id": "deepgemm-moe-gemm-kernel-v1",
      "shape": {
        "dtype": "bfloat16",
        "rank": 64,
        "slice_dims": [
          8192
        ],
        "slots": 8,
        "tokens": 128
      }
    },
    {
      "case_id": "deepgemm-nonaligned-k-bf16",
      "contract_tags": [
        "non-aligned-k",
        "bf16"
      ],
      "profile_id": "deepgemm-moe-gemm-kernel-v1",
      "shape": {
        "dtype": "bfloat16",
        "rank": 48,
        "slice_dims": [
          6144
        ],
        "slots": 8,
        "tokens": 32
      }
    },
    {
      "case_id": "deepgemm-multislice-fp16",
      "contract_tags": [
        "multi-slice",
        "high-slot"
      ],
      "profile_id": "deepgemm-moe-gemm-kernel-v1",
      "shape": {
        "dtype": "float16",
        "rank": 64,
        "slice_dims": [
          4096,
          4096
        ],
        "slots": 8,
        "tokens": 32
      }
    }
  ],
  "contracts": {
    "baseline": [
      {
        "name": "empty_weights",
        "passed": true,
        "shape": [
          3,
          128
        ]
      },
      {
        "all_finite": true,
        "atol": 0.08,
        "max_abs_error": 9.067356586456299e-06,
        "mean_abs_error": 1.3940917824584176e-06,
        "name": "mixed_output_dtype",
        "passed": true,
        "rtol": 0.04
      },
      {
        "error": null,
        "name": "gradient",
        "passed": true
      },
      {
        "error": null,
        "name": "gradient_slots4_fallback",
        "passed": true
      },
      {
        "all_finite": true,
        "allocated_output": true,
        "atol": 0.025,
        "max_abs_error": 1.5251338481903076e-05,
        "mean_abs_error": 1.7404464642822859e-06,
        "name": "base_output_none",
        "passed": true,
        "rtol": 0.015
      },
      {
        "name": "zero_tokens",
        "passed": true,
        "shape": [
          0,
          64
        ]
      },
      {
        "name": "concurrent_streams",
        "passed": true,
        "streams": [
          {
            "all_finite": true,
            "atol": 0.025,
            "max_abs_error": 4.3705105781555176e-05,
            "mean_abs_error": 4.120966423215577e-06,
            "passed": true,
            "rtol": 0.015
          },
          {
            "all_finite": true,
            "atol": 0.08,
            "max_abs_error": 0.0002999603748321533,
            "mean_abs_error": 3.3476004318799824e-05,
            "passed": true,
            "rtol": 0.04
          }
        ]
      }
    ],
    "candidate": [
      {
        "name": "empty_weights",
        "passed": true,
        "shape": [
          3,
          128
        ]
      },
      {
        "all_finite": true,
        "atol": 0.08,
        "max_abs_error": 7.567927241325378e-06,
        "mean_abs_error": 1.44647060551506e-06,
        "name": "mixed_output_dtype",
        "passed": true,
        "rtol": 0.04
      },
      {
        "error": null,
        "name": "gradient",
        "passed": true
      },
      {
        "error": null,
        "name": "gradient_slots4_fallback",
        "passed": true
      },
      {
        "all_finite": true,
        "allocated_output": true,
        "atol": 0.025,
        "max_abs_error": 1.4923512935638428e-05,
        "mean_abs_error": 2.0021125237690285e-06,
        "name": "base_output_none",
        "passed": true,
        "rtol": 0.015
      },
      {
        "name": "zero_tokens",
        "passed": true,
        "shape": [
          0,
          64
        ]
      },
      {
        "name": "concurrent_streams",
        "passed": true,
        "streams": [
          {
            "all_finite": true,
            "atol": 0.025,
            "max_abs_error": 3.0472874641418457e-05,
            "mean_abs_error": 3.28980058839079e-06,
            "passed": true,
            "rtol": 0.015
          },
          {
            "all_finite": true,
            "atol": 0.08,
            "max_abs_error": 0.0002407282590866089,
            "mean_abs_error": 2.765945828286931e-05,
            "passed": true,
            "rtol": 0.04
          }
        ]
      }
    ]
  },
  "correctness": {
    "baseline": [
      {
        "case_id": "sglang-slots3-boundary-bf16",
        "contract_tags": [
          "fallback-boundary",
          "graph-replay"
        ],
        "cuda_graph_dynamic_replay": {
          "all_finite": true,
          "atol": 0.08,
          "max_abs_error": 0.0003633052110671997,
          "mean_abs_error": 3.412986552575603e-05,
          "passed": true,
          "rtol": 0.04
        },
        "cuda_graph_first_replay": {
          "all_finite": true,
          "atol": 0.08,
          "max_abs_error": 0.00036485493183135986,
          "mean_abs_error": 3.5467048292048275e-05,
          "passed": true,
          "rtol": 0.04
        },
        "eager": {
          "all_finite": true,
          "atol": 0.08,
          "base_output_alias": true,
          "max_abs_error": 0.0003673285245895386,
          "mean_abs_error": 3.407207623240538e-05,
          "passed": true,
          "rtol": 0.04
        },
        "profile_id": "sglang-runtime-kernel-v1",
        "shape": {
          "dtype": "bfloat16",
          "rank": 32,
          "slice_dims": [
            4096
          ],
          "slots": 3,
          "tokens": 16
        }
      },
      {
        "case_id": "sglang-slots4-boundary-bf16",
        "contract_tags": [
          "fastpath-boundary",
          "graph-replay"
        ],
        "cuda_graph_dynamic_replay": {
          "all_finite": true,
          "atol": 0.08,
          "max_abs_error": 0.00036231428384780884,
          "mean_abs_error": 3.4526608942542225e-05,
          "passed": true,
          "rtol": 0.04
        },
        "cuda_graph_first_replay": {
          "all_finite": true,
          "atol": 0.08,
          "max_abs_error": 0.0005243122577667236,
          "mean_abs_error": 3.428850322961807e-05,
          "passed": true,
          "rtol": 0.04
        },
        "eager": {
          "all_finite": true,
          "atol": 0.08,
          "base_output_alias": true,
          "max_abs_error": 0.00036600232124328613,
          "mean_abs_error": 3.541014302754775e-05,
          "passed": true,
          "rtol": 0.04
        },
        "profile_id": "sglang-runtime-kernel-v1",
        "shape": {
          "dtype": "bfloat16",
          "rank": 32,
          "slice_dims": [
            4096
          ],
          "slots": 4,
          "tokens": 16
        }
      },
      {
        "case_id": "sglang-decode-tiny-fp16",
        "contract_tags": [
          "decode",
          "tiny-m"
        ],
        "cuda_graph_dynamic_replay": {
          "all_finite": true,
          "atol": 0.025,
          "max_abs_error": 3.9808452129364014e-05,
          "mean_abs_error": 3.6100786928727757e-06,
          "passed": true,
          "rtol": 0.015
        },
        "cuda_graph_first_replay": {
          "all_finite": true,
          "atol": 0.025,
          "max_abs_error": 3.954768180847168e-05,
          "mean_abs_error": 3.7582926779577974e-06,
          "passed": true,
          "rtol": 0.015
        },
        "eager": {
          "all_finite": true,
          "atol": 0.025,
          "base_output_alias": true,
          "max_abs_error": 3.4183263778686523e-05,
          "mean_abs_error": 3.7772206269437447e-06,
          "passed": true,
          "rtol": 0.015
        },
        "profile_id": "sglang-runtime-kernel-v1",
        "shape": {
          "dtype": "float16",
          "rank": 16,
          "slice_dims": [
            4096
          ],
          "slots": 4,
          "tokens": 1
        }
      },
      {
        "case_id": "sglang-qkv-multislice-fp16",
        "contract_tags": [
          "multi-slice",
          "qkv",
          "dynamic-replay"
        ],
        "cuda_graph_dynamic_replay": {
          "all_finite": true,
          "atol": 0.025,
          "max_abs_error": 5.2697956562042236e-05,
          "mean_abs_error": 4.239642294123769e-06,
          "passed": true,
          "rtol": 0.015
        },
        "cuda_graph_first_replay": {
          "all_finite": true,
          "atol": 0.025,
          "max_abs_error": 4.5746564865112305e-05,
          "mean_abs_error": 4.395220457809046e-06,
          "passed": true,
          "rtol": 0.015
        },
        "eager": {
          "all_finite": true,
          "atol": 0.025,
          "base_output_alias": true,
          "max_abs_error": 7.107853889465332e-05,
          "mean_abs_error": 4.316544163884828e-06,
          "passed": true,
          "rtol": 0.015
        },
        "profile_id": "sglang-runtime-kernel-v1",
        "shape": {
          "dtype": "float16",
          "rank": 32,
          "slice_dims": [
            4096,
            1024,
            1024
          ],
          "slots": 4,
          "tokens": 16
        }
      },
      {
        "case_id": "sglang-slots16-wide-bf16",
        "contract_tags": [
          "high-slot",
          "wide-output"
        ],
        "cuda_graph_dynamic_replay": {
          "all_finite": true,
          "atol": 0.08,
          "max_abs_error": 0.0005365759134292603,
          "mean_abs_error": 4.21257755078841e-05,
          "passed": true,
          "rtol": 0.04
        },
        "cuda_graph_first_replay": {
          "all_finite": true,
          "atol": 0.08,
          "max_abs_error": 0.0006299763917922974,
          "mean_abs_error": 4.20772448705975e-05,
          "passed": true,
          "rtol": 0.04
        },
        "eager": {
          "all_finite": true,
          "atol": 0.08,
          "base_output_alias": true,
          "max_abs_error": 0.0006074309349060059,
          "mean_abs_error": 4.248286131769419e-05,
          "passed": true,
          "rtol": 0.04
        },
        "profile_id": "sglang-runtime-kernel-v1",
        "shape": {
          "dtype": "bfloat16",
          "rank": 64,
          "slice_dims": [
            8192
          ],
          "slots": 16,
          "tokens": 64
        }
      },
      {
        "case_id": "cutlass-tiny-m-fp16",
        "contract_tags": [
          "tiny-m",
          "epilogue-alias"
        ],
        "cuda_graph_dynamic_replay": {
          "all_finite": true,
          "atol": 0.025,
          "max_abs_error": 2.0772218704223633e-05,
          "mean_abs_error": 3.5837797440763097e-06,
          "passed": true,
          "rtol": 0.015
        },
        "cuda_graph_first_replay": {
          "all_finite": true,
          "atol": 0.025,
          "max_abs_error": 1.827627420425415e-05,
          "mean_abs_error": 3.4700451578828506e-06,
          "passed": true,
          "rtol": 0.015
        },
        "eager": {
          "all_finite": true,
          "atol": 0.025,
          "base_output_alias": true,
          "max_abs_error": 3.384053707122803e-05,
          "mean_abs_error": 3.505791482893983e-06,
          "passed": true,
          "rtol": 0.015
        },
        "profile_id": "cutlass-cute-kernel-library-v1",
        "shape": {
          "dtype": "float16",
          "rank": 8,
          "slice_dims": [
            256
          ],
          "slots": 4,
          "tokens": 1
        }
      },
      {
        "case_id": "cutlass-skinny-bf16",
        "contract_tags": [
          "skinny-shape",
          "wide-output"
        ],
        "cuda_graph_dynamic_replay": {
          "all_finite": true,
          "atol": 0.08,
          "max_abs_error": 0.0003265589475631714,
          "mean_abs_error": 2.9920582164777443e-05,
          "passed": true,
          "rtol": 0.04
        },
        "cuda_graph_first_replay": {
          "all_finite": true,
          "atol": 0.08,
          "max_abs_error": 0.00032370537519454956,
          "mean_abs_error": 2.9196718969615176e-05,
          "passed": true,
          "rtol": 0.04
        },
        "eager": {
          "all_finite": true,
          "atol": 0.08,
          "base_output_alias": true,
          "max_abs_error": 0.00036234408617019653,
          "mean_abs_error": 3.0840164981782436e-05,
          "passed": true,
          "rtol": 0.04
        },
        "profile_id": "cutlass-cute-kernel-library-v1",
        "shape": {
          "dtype": "bfloat16",
          "rank": 16,
          "slice_dims": [
            12288
          ],
          "slots": 4,
          "tokens": 8
        }
      },
      {
        "case_id": "cutlass-nonaligned-k-fp16",
        "contract_tags": [
          "non-aligned-k",
          "odd-token"
        ],
        "cuda_graph_dynamic_replay": {
          "all_finite": true,
          "atol": 0.025,
          "max_abs_error": 4.521012306213379e-05,
          "mean_abs_error": 4.1332505134050734e-06,
          "passed": true,
          "rtol": 0.015
        },
        "cuda_graph_first_replay": {
          "all_finite": true,
          "atol": 0.025,
          "max_abs_error": 4.271417856216431e-05,
          "mean_abs_error": 4.022071607323596e-06,
          "passed": true,
          "rtol": 0.015
        },
        "eager": {
          "all_finite": true,
          "atol": 0.025,
          "base_output_alias": true,
          "max_abs_error": 4.45246696472168e-05,
          "mean_abs_error": 3.942534021916799e-06,
          "passed": true,
          "rtol": 0.015
        },
        "profile_id": "cutlass-cute-kernel-library-v1",
        "shape": {
          "dtype": "float16",
          "rank": 24,
          "slice_dims": [
            3072
          ],
          "slots": 5,
          "tokens": 7
        }
      },
      {
        "case_id": "cutlass-nonaligned-n-bf16",
        "contract_tags": [
          "non-aligned-n",
          "odd-token"
        ],
        "cuda_graph_dynamic_replay": {
          "all_finite": true,
          "atol": 0.08,
          "max_abs_error": 0.0003578066825866699,
          "mean_abs_error": 3.7059046007925645e-05,
          "passed": true,
          "rtol": 0.04
        },
        "cuda_graph_first_replay": {
          "all_finite": true,
          "atol": 0.08,
          "max_abs_error": 0.00046850740909576416,
          "mean_abs_error": 3.6907098547089845e-05,
          "passed": true,
          "rtol": 0.04
        },
        "eager": {
          "all_finite": true,
          "atol": 0.08,
          "base_output_alias": true,
          "max_abs_error": 0.00045536458492279053,
          "mean_abs_error": 3.823004590230994e-05,
          "passed": true,
          "rtol": 0.04
        },
        "profile_id": "cutlass-cute-kernel-library-v1",
        "shape": {
          "dtype": "bfloat16",
          "rank": 40,
          "slice_dims": [
            3073
          ],
          "slots": 5,
          "tokens": 9
        }
      },
      {
        "case_id": "vllm-slots1-control-fp16",
        "contract_tags": [
          "single-adapter-control",
          "fallback"
        ],
        "cuda_graph_dynamic_replay": {
          "all_finite": true,
          "atol": 0.025,
          "max_abs_error": 4.0300190448760986e-05,
          "mean_abs_error": 3.7959446217428194e-06,
          "passed": true,
          "rtol": 0.015
        },
        "cuda_graph_first_replay": {
          "all_finite": true,
          "atol": 0.025,
          "max_abs_error": 3.5114586353302e-05,
          "mean_abs_error": 3.6358214856591076e-06,
          "passed": true,
          "rtol": 0.015
        },
        "eager": {
          "all_finite": true,
          "atol": 0.025,
          "base_output_alias": true,
          "max_abs_error": 3.7826597690582275e-05,
          "mean_abs_error": 3.887906586896861e-06,
          "passed": true,
          "rtol": 0.015
        },
        "profile_id": "vllm-kernel-integration-v1",
        "shape": {
          "dtype": "float16",
          "rank": 16,
          "slice_dims": [
            4096
          ],
          "slots": 1,
          "tokens": 4
        }
      },
      {
        "case_id": "vllm-adapter-burst-fp16",
        "contract_tags": [
          "adapter-burst",
          "decode"
        ],
        "cuda_graph_dynamic_replay": {
          "all_finite": true,
          "atol": 0.025,
          "max_abs_error": 4.026293754577637e-05,
          "mean_abs_error": 3.716455012181541e-06,
          "passed": true,
          "rtol": 0.015
        },
        "cuda_graph_first_replay": {
          "all_finite": true,
          "atol": 0.025,
          "max_abs_error": 3.785640001296997e-05,
          "mean_abs_error": 3.7222689570626244e-06,
          "passed": true,
          "rtol": 0.015
        },
        "eager": {
          "all_finite": true,
          "atol": 0.025,
          "base_output_alias": true,
          "max_abs_error": 4.267692565917969e-05,
          "mean_abs_error": 3.704346909216838e-06,
          "passed": true,
          "rtol": 0.015
        },
        "profile_id": "vllm-kernel-integration-v1",
        "shape": {
          "dtype": "float16",
          "rank": 16,
          "slice_dims": [
            4096
          ],
          "slots": 8,
          "tokens": 16
        }
      },
      {
        "case_id": "vllm-qkv-bf16",
        "contract_tags": [
          "qkv",
          "multi-slice"
        ],
        "cuda_graph_dynamic_replay": {
          "all_finite": true,
          "atol": 0.08,
          "max_abs_error": 0.00036592036485671997,
          "mean_abs_error": 3.418362030060962e-05,
          "passed": true,
          "rtol": 0.04
        },
        "cuda_graph_first_replay": {
          "all_finite": true,
          "atol": 0.08,
          "max_abs_error": 0.0004771500825881958,
          "mean_abs_error": 3.4411976230330765e-05,
          "passed": true,
          "rtol": 0.04
        },
        "eager": {
          "all_finite": true,
          "atol": 0.08,
          "base_output_alias": true,
          "max_abs_error": 0.0003621727228164673,
          "mean_abs_error": 3.4573306038510054e-05,
          "passed": true,
          "rtol": 0.04
        },
        "profile_id": "vllm-kernel-integration-v1",
        "shape": {
          "dtype": "bfloat16",
          "rank": 32,
          "slice_dims": [
            4096,
            1024,
            1024
          ],
          "slots": 4,
          "tokens": 32
        }
      },
      {
        "case_id": "vllm-mixed-batch-bf16",
        "contract_tags": [
          "mixed-batch",
          "high-slot"
        ],
        "cuda_graph_dynamic_replay": {
          "all_finite": true,
          "atol": 0.08,
          "max_abs_error": 0.00046440958976745605,
          "mean_abs_error": 3.4699070965871215e-05,
          "passed": true,
          "rtol": 0.04
        },
        "cuda_graph_first_replay": {
          "all_finite": true,
          "atol": 0.08,
          "max_abs_error": 0.000386558473110199,
          "mean_abs_error": 3.4353583032498136e-05,
          "passed": true,
          "rtol": 0.04
        },
        "eager": {
          "all_finite": true,
          "atol": 0.08,
          "base_output_alias": true,
          "max_abs_error": 0.00036613643169403076,
          "mean_abs_error": 3.450004442129284e-05,
          "passed": true,
          "rtol": 0.04
        },
        "profile_id": "vllm-kernel-integration-v1",
        "shape": {
          "dtype": "bfloat16",
          "rank": 32,
          "slice_dims": [
            4096
          ],
          "slots": 8,
          "tokens": 96
        }
      },
      {
        "case_id": "megatron-large-batch-bf16",
        "contract_tags": [
          "large-batch",
          "wide-output"
        ],
        "cuda_graph_dynamic_replay": {
          "all_finite": true,
          "atol": 0.08,
          "max_abs_error": 0.0007309317588806152,
          "mean_abs_error": 4.209946928313002e-05,
          "passed": true,
          "rtol": 0.04
        },
        "cuda_graph_first_replay": {
          "all_finite": true,
          "atol": 0.08,
          "max_abs_error": 0.0005633533000946045,
          "mean_abs_error": 4.211817213217728e-05,
          "passed": true,
          "rtol": 0.04
        },
        "eager": {
          "all_finite": true,
          "atol": 0.08,
          "base_output_alias": true,
          "max_abs_error": 0.0006906092166900635,
          "mean_abs_error": 4.1766386857489124e-05,
          "passed": true,
          "rtol": 0.04
        },
        "profile_id": "megatron-core-training-kernel-host-v1",
        "shape": {
          "dtype": "bfloat16",
          "rank": 64,
          "slice_dims": [
            8192
          ],
          "slots": 4,
          "tokens": 128
        }
      },
      {
        "case_id": "megatron-tp-slices-fp16",
        "contract_tags": [
          "tensor-parallel-shards",
          "multi-slice"
        ],
        "cuda_graph_dynamic_replay": {
          "all_finite": true,
          "atol": 0.025,
          "max_abs_error": 6.037205457687378e-05,
          "mean_abs_error": 5.235673143033637e-06,
          "passed": true,
          "rtol": 0.015
        },
        "cuda_graph_first_replay": {
          "all_finite": true,
          "atol": 0.025,
          "max_abs_error": 8.894503116607666e-05,
          "mean_abs_error": 5.237983714323491e-06,
          "passed": true,
          "rtol": 0.015
        },
        "eager": {
          "all_finite": true,
          "atol": 0.025,
          "base_output_alias": true,
          "max_abs_error": 5.981326103210449e-05,
          "mean_abs_error": 5.2477180361165665e-06,
          "passed": true,
          "rtol": 0.015
        },
        "profile_id": "megatron-core-training-kernel-host-v1",
        "shape": {
          "dtype": "float16",
          "rank": 64,
          "slice_dims": [
            2048,
            2048,
            2048,
            2048
          ],
          "slots": 4,
          "tokens": 64
        }
      },
      {
        "case_id": "megatron-high-rank-bf16",
        "contract_tags": [
          "high-rank",
          "bf16"
        ],
        "cuda_graph_dynamic_replay": {
          "all_finite": true,
          "atol": 0.08,
          "max_abs_error": 0.0007226169109344482,
          "mean_abs_error": 5.335722380550578e-05,
          "passed": true,
          "rtol": 0.04
        },
        "cuda_graph_first_replay": {
          "all_finite": true,
          "atol": 0.08,
          "max_abs_error": 0.0007255822420120239,
          "mean_abs_error": 5.286404848448001e-05,
          "passed": true,
          "rtol": 0.04
        },
        "eager": {
          "all_finite": true,
          "atol": 0.08,
          "base_output_alias": true,
          "max_abs_error": 0.000726163387298584,
          "mean_abs_error": 5.3392632253235206e-05,
          "passed": true,
          "rtol": 0.04
        },
        "profile_id": "megatron-core-training-kernel-host-v1",
        "shape": {
          "dtype": "bfloat16",
          "rank": 128,
          "slice_dims": [
            4096
          ],
          "slots": 4,
          "tokens": 32
        }
      },
      {
        "case_id": "megatron-slots3-control-bf16",
        "contract_tags": [
          "fallback",
          "large-batch"
        ],
        "cuda_graph_dynamic_replay": {
          "all_finite": true,
          "atol": 0.08,
          "max_abs_error": 0.0007213354110717773,
          "mean_abs_error": 4.22548946517054e-05,
          "passed": true,
          "rtol": 0.04
        },
        "cuda_graph_first_replay": {
          "all_finite": true,
          "atol": 0.08,
          "max_abs_error": 0.00048782676458358765,
          "mean_abs_error": 4.197765883873217e-05,
          "passed": true,
          "rtol": 0.04
        },
        "eager": {
          "all_finite": true,
          "atol": 0.08,
          "base_output_alias": true,
          "max_abs_error": 0.0005470812320709229,
          "mean_abs_error": 4.1961451643146574e-05,
          "passed": true,
          "rtol": 0.04
        },
        "profile_id": "megatron-core-training-kernel-host-v1",
        "shape": {
          "dtype": "bfloat16",
          "rank": 64,
          "slice_dims": [
            8192
          ],
          "slots": 3,
          "tokens": 128
        }
      },
      {
        "case_id": "deepgemm-tiny-m-fp16",
        "contract_tags": [
          "tiny-m",
          "high-slot"
        ],
        "cuda_graph_dynamic_replay": {
          "all_finite": true,
          "atol": 0.025,
          "max_abs_error": 5.079805850982666e-05,
          "mean_abs_error": 5.1932056521764025e-06,
          "passed": true,
          "rtol": 0.015
        },
        "cuda_graph_first_replay": {
          "all_finite": true,
          "atol": 0.025,
          "max_abs_error": 5.2988529205322266e-05,
          "mean_abs_error": 5.3154717534198426e-06,
          "passed": true,
          "rtol": 0.015
        },
        "eager": {
          "all_finite": true,
          "atol": 0.025,
          "base_output_alias": true,
          "max_abs_error": 5.223602056503296e-05,
          "mean_abs_error": 5.299984877638053e-06,
          "passed": true,
          "rtol": 0.015
        },
        "profile_id": "deepgemm-moe-gemm-kernel-v1",
        "shape": {
          "dtype": "float16",
          "rank": 64,
          "slice_dims": [
            8192
          ],
          "slots": 8,
          "tokens": 2
        }
      },
      {
        "case_id": "deepgemm-throughput-bf16",
        "contract_tags": [
          "throughput",
          "high-slot"
        ],
        "cuda_graph_dynamic_replay": {
          "all_finite": true,
          "atol": 0.08,
          "max_abs_error": 0.0006552040576934814,
          "mean_abs_error": 4.182486736681312e-05,
          "passed": true,
          "rtol": 0.04
        },
        "cuda_graph_first_replay": {
          "all_finite": true,
          "atol": 0.08,
          "max_abs_error": 0.00048817694187164307,
          "mean_abs_error": 4.197433008812368e-05,
          "passed": true,
          "rtol": 0.04
        },
        "eager": {
          "all_finite": true,
          "atol": 0.08,
          "base_output_alias": true,
          "max_abs_error": 0.00072517991065979,
          "mean_abs_error": 4.210105544188991e-05,
          "passed": true,
          "rtol": 0.04
        },
        "profile_id": "deepgemm-moe-gemm-kernel-v1",
        "shape": {
          "dtype": "bfloat16",
          "rank": 64,
          "slice_dims": [
            8192
          ],
          "slots": 8,
          "tokens": 128
        }
      },
      {
        "case_id": "deepgemm-nonaligned-k-bf16",
        "contract_tags": [
          "non-aligned-k",
          "bf16"
        ],
        "cuda_graph_dynamic_replay": {
          "all_finite": true,
          "atol": 0.08,
          "max_abs_error": 0.0004683881998062134,
          "mean_abs_error": 3.901219679391943e-05,
          "passed": true,
          "rtol": 0.04
        },
        "cuda_graph_first_replay": {
          "all_finite": true,
          "atol": 0.08,
          "max_abs_error": 0.0004796832799911499,
          "mean_abs_error": 3.8618156395386904e-05,
          "passed": true,
          "rtol": 0.04
        },
        "eager": {
          "all_finite": true,
          "atol": 0.08,
          "base_output_alias": true,
          "max_abs_error": 0.00048673152923583984,
          "mean_abs_error": 3.952979386667721e-05,
          "passed": true,
          "rtol": 0.04
        },
        "profile_id": "deepgemm-moe-gemm-kernel-v1",
        "shape": {
          "dtype": "bfloat16",
          "rank": 48,
          "slice_dims": [
            6144
          ],
          "slots": 8,
          "tokens": 32
        }
      },
      {
        "case_id": "deepgemm-multislice-fp16",
        "contract_tags": [
          "multi-slice",
          "high-slot"
        ],
        "cuda_graph_dynamic_replay": {
          "all_finite": true,
          "atol": 0.025,
          "max_abs_error": 5.990266799926758e-05,
          "mean_abs_error": 5.250132289802423e-06,
          "passed": true,
          "rtol": 0.015
        },
        "cuda_graph_first_replay": {
          "all_finite": true,
          "atol": 0.025,
          "max_abs_error": 7.295608520507812e-05,
          "mean_abs_error": 5.241198778094258e-06,
          "passed": true,
          "rtol": 0.015
        },
        "eager": {
          "all_finite": true,
          "atol": 0.025,
          "base_output_alias": true,
          "max_abs_error": 6.1027705669403076e-05,
          "mean_abs_error": 5.258501914795488e-06,
          "passed": true,
          "rtol": 0.015
        },
        "profile_id": "deepgemm-moe-gemm-kernel-v1",
        "shape": {
          "dtype": "float16",
          "rank": 64,
          "slice_dims": [
            4096,
            4096
          ],
          "slots": 8,
          "tokens": 32
        }
      }
    ],
    "candidate": [
      {
        "case_id": "sglang-slots3-boundary-bf16",
        "contract_tags": [
          "fallback-boundary",
          "graph-replay"
        ],
        "cuda_graph_dynamic_replay": {
          "all_finite": true,
          "atol": 0.08,
          "max_abs_error": 0.0003633052110671997,
          "mean_abs_error": 3.412986552575603e-05,
          "passed": true,
          "rtol": 0.04
        },
        "cuda_graph_first_replay": {
          "all_finite": true,
          "atol": 0.08,
          "max_abs_error": 0.00036485493183135986,
          "mean_abs_error": 3.5467048292048275e-05,
          "passed": true,
          "rtol": 0.04
        },
        "eager": {
          "all_finite": true,
          "atol": 0.08,
          "base_output_alias": true,
          "max_abs_error": 0.0003673285245895386,
          "mean_abs_error": 3.407207623240538e-05,
          "passed": true,
          "rtol": 0.04
        },
        "profile_id": "sglang-runtime-kernel-v1",
        "shape": {
          "dtype": "bfloat16",
          "rank": 32,
          "slice_dims": [
            4096
          ],
          "slots": 3,
          "tokens": 16
        }
      },
      {
        "case_id": "sglang-slots4-boundary-bf16",
        "contract_tags": [
          "fastpath-boundary",
          "graph-replay"
        ],
        "cuda_graph_dynamic_replay": {
          "all_finite": true,
          "atol": 0.08,
          "max_abs_error": 0.00024355947971343994,
          "mean_abs_error": 2.756199501163792e-05,
          "passed": true,
          "rtol": 0.04
        },
        "cuda_graph_first_replay": {
          "all_finite": true,
          "atol": 0.08,
          "max_abs_error": 0.00045225024223327637,
          "mean_abs_error": 2.747871621977538e-05,
          "passed": true,
          "rtol": 0.04
        },
        "eager": {
          "all_finite": true,
          "atol": 0.08,
          "base_output_alias": true,
          "max_abs_error": 0.0002438575029373169,
          "mean_abs_error": 2.792565464915242e-05,
          "passed": true,
          "rtol": 0.04
        },
        "profile_id": "sglang-runtime-kernel-v1",
        "shape": {
          "dtype": "bfloat16",
          "rank": 32,
          "slice_dims": [
            4096
          ],
          "slots": 4,
          "tokens": 16
        }
      },
      {
        "case_id": "sglang-decode-tiny-fp16",
        "contract_tags": [
          "decode",
          "tiny-m"
        ],
        "cuda_graph_dynamic_replay": {
          "all_finite": true,
          "atol": 0.025,
          "max_abs_error": 2.728402614593506e-05,
          "mean_abs_error": 3.087535333179403e-06,
          "passed": true,
          "rtol": 0.015
        },
        "cuda_graph_first_replay": {
          "all_finite": true,
          "atol": 0.025,
          "max_abs_error": 3.024190664291382e-05,
          "mean_abs_error": 3.1530053092865273e-06,
          "passed": true,
          "rtol": 0.015
        },
        "eager": {
          "all_finite": true,
          "atol": 0.025,
          "base_output_alias": true,
          "max_abs_error": 3.0487775802612305e-05,
          "mean_abs_error": 3.137530711683212e-06,
          "passed": true,
          "rtol": 0.015
        },
        "profile_id": "sglang-runtime-kernel-v1",
        "shape": {
          "dtype": "float16",
          "rank": 16,
          "slice_dims": [
            4096
          ],
          "slots": 4,
          "tokens": 1
        }
      },
      {
        "case_id": "sglang-qkv-multislice-fp16",
        "contract_tags": [
          "multi-slice",
          "qkv",
          "dynamic-replay"
        ],
        "cuda_graph_dynamic_replay": {
          "all_finite": true,
          "atol": 0.025,
          "max_abs_error": 3.0450522899627686e-05,
          "mean_abs_error": 3.4019419672404183e-06,
          "passed": true,
          "rtol": 0.015
        },
        "cuda_graph_first_replay": {
          "all_finite": true,
          "atol": 0.025,
          "max_abs_error": 3.0487775802612305e-05,
          "mean_abs_error": 3.4670765671762638e-06,
          "passed": true,
          "rtol": 0.015
        },
        "eager": {
          "all_finite": true,
          "atol": 0.025,
          "base_output_alias": true,
          "max_abs_error": 5.099177360534668e-05,
          "mean_abs_error": 3.434727432249929e-06,
          "passed": true,
          "rtol": 0.015
        },
        "profile_id": "sglang-runtime-kernel-v1",
        "shape": {
          "dtype": "float16",
          "rank": 32,
          "slice_dims": [
            4096,
            1024,
            1024
          ],
          "slots": 4,
          "tokens": 16
        }
      },
      {
        "case_id": "sglang-slots16-wide-bf16",
        "contract_tags": [
          "high-slot",
          "wide-output"
        ],
        "cuda_graph_dynamic_replay": {
          "all_finite": true,
          "atol": 0.08,
          "max_abs_error": 0.00047321617603302,
          "mean_abs_error": 3.1863579351920635e-05,
          "passed": true,
          "rtol": 0.04
        },
        "cuda_graph_first_replay": {
          "all_finite": true,
          "atol": 0.08,
          "max_abs_error": 0.00034868717193603516,
          "mean_abs_error": 3.180915882694535e-05,
          "passed": true,
          "rtol": 0.04
        },
        "eager": {
          "all_finite": true,
          "atol": 0.08,
          "base_output_alias": true,
          "max_abs_error": 0.0004837512969970703,
          "mean_abs_error": 3.203819869668223e-05,
          "passed": true,
          "rtol": 0.04
        },
        "profile_id": "sglang-runtime-kernel-v1",
        "shape": {
          "dtype": "bfloat16",
          "rank": 64,
          "slice_dims": [
            8192
          ],
          "slots": 16,
          "tokens": 64
        }
      },
      {
        "case_id": "cutlass-tiny-m-fp16",
        "contract_tags": [
          "tiny-m",
          "epilogue-alias"
        ],
        "cuda_graph_dynamic_replay": {
          "all_finite": true,
          "atol": 0.025,
          "max_abs_error": 1.3768672943115234e-05,
          "mean_abs_error": 3.130616732960334e-06,
          "passed": true,
          "rtol": 0.015
        },
        "cuda_graph_first_replay": {
          "all_finite": true,
          "atol": 0.025,
          "max_abs_error": 1.65402889251709e-05,
          "mean_abs_error": 2.9970606192364357e-06,
          "passed": true,
          "rtol": 0.015
        },
        "eager": {
          "all_finite": true,
          "atol": 0.025,
          "base_output_alias": true,
          "max_abs_error": 2.7194619178771973e-05,
          "mean_abs_error": 3.242125330871204e-06,
          "passed": true,
          "rtol": 0.015
        },
        "profile_id": "cutlass-cute-kernel-library-v1",
        "shape": {
          "dtype": "float16",
          "rank": 8,
          "slice_dims": [
            256
          ],
          "slots": 4,
          "tokens": 1
        }
      },
      {
        "case_id": "cutlass-skinny-bf16",
        "contract_tags": [
          "skinny-shape",
          "wide-output"
        ],
        "cuda_graph_dynamic_replay": {
          "all_finite": true,
          "atol": 0.08,
          "max_abs_error": 0.00024352967739105225,
          "mean_abs_error": 2.5232457119273022e-05,
          "passed": true,
          "rtol": 0.04
        },
        "cuda_graph_first_replay": {
          "all_finite": true,
          "atol": 0.08,
          "max_abs_error": 0.00024409592151641846,
          "mean_abs_error": 2.483047683199402e-05,
          "passed": true,
          "rtol": 0.04
        },
        "eager": {
          "all_finite": true,
          "atol": 0.08,
          "base_output_alias": true,
          "max_abs_error": 0.00024309754371643066,
          "mean_abs_error": 2.5639961677370593e-05,
          "passed": true,
          "rtol": 0.04
        },
        "profile_id": "cutlass-cute-kernel-library-v1",
        "shape": {
          "dtype": "bfloat16",
          "rank": 16,
          "slice_dims": [
            12288
          ],
          "slots": 4,
          "tokens": 8
        }
      },
      {
        "case_id": "cutlass-nonaligned-k-fp16",
        "contract_tags": [
          "non-aligned-k",
          "odd-token"
        ],
        "cuda_graph_dynamic_replay": {
          "all_finite": true,
          "atol": 0.025,
          "max_abs_error": 3.026425838470459e-05,
          "mean_abs_error": 3.3542098663019715e-06,
          "passed": true,
          "rtol": 0.015
        },
        "cuda_graph_first_replay": {
          "all_finite": true,
          "atol": 0.025,
          "max_abs_error": 3.0517578125e-05,
          "mean_abs_error": 3.2991911211865954e-06,
          "passed": true,
          "rtol": 0.015
        },
        "eager": {
          "all_finite": true,
          "atol": 0.025,
          "base_output_alias": true,
          "max_abs_error": 3.0435621738433838e-05,
          "mean_abs_error": 3.2508264666830655e-06,
          "passed": true,
          "rtol": 0.015
        },
        "profile_id": "cutlass-cute-kernel-library-v1",
        "shape": {
          "dtype": "float16",
          "rank": 24,
          "slice_dims": [
            3072
          ],
          "slots": 5,
          "tokens": 7
        }
      },
      {
        "case_id": "cutlass-nonaligned-n-bf16",
        "contract_tags": [
          "non-aligned-n",
          "odd-token"
        ],
        "cuda_graph_dynamic_replay": {
          "all_finite": true,
          "atol": 0.08,
          "max_abs_error": 0.00024318695068359375,
          "mean_abs_error": 2.875802783819381e-05,
          "passed": true,
          "rtol": 0.04
        },
        "cuda_graph_first_replay": {
          "all_finite": true,
          "atol": 0.08,
          "max_abs_error": 0.0002433881163597107,
          "mean_abs_error": 2.866016438929364e-05,
          "passed": true,
          "rtol": 0.04
        },
        "eager": {
          "all_finite": true,
          "atol": 0.08,
          "base_output_alias": true,
          "max_abs_error": 0.00024324655532836914,
          "mean_abs_error": 2.96206144412281e-05,
          "passed": true,
          "rtol": 0.04
        },
        "profile_id": "cutlass-cute-kernel-library-v1",
        "shape": {
          "dtype": "bfloat16",
          "rank": 40,
          "slice_dims": [
            3073
          ],
          "slots": 5,
          "tokens": 9
        }
      },
      {
        "case_id": "vllm-slots1-control-fp16",
        "contract_tags": [
          "single-adapter-control",
          "fallback"
        ],
        "cuda_graph_dynamic_replay": {
          "all_finite": true,
          "atol": 0.025,
          "max_abs_error": 4.0300190448760986e-05,
          "mean_abs_error": 3.7959446217428194e-06,
          "passed": true,
          "rtol": 0.015
        },
        "cuda_graph_first_replay": {
          "all_finite": true,
          "atol": 0.025,
          "max_abs_error": 3.5114586353302e-05,
          "mean_abs_error": 3.6358214856591076e-06,
          "passed": true,
          "rtol": 0.015
        },
        "eager": {
          "all_finite": true,
          "atol": 0.025,
          "base_output_alias": true,
          "max_abs_error": 3.7826597690582275e-05,
          "mean_abs_error": 3.887906586896861e-06,
          "passed": true,
          "rtol": 0.015
        },
        "profile_id": "vllm-kernel-integration-v1",
        "shape": {
          "dtype": "float16",
          "rank": 16,
          "slice_dims": [
            4096
          ],
          "slots": 1,
          "tokens": 4
        }
      },
      {
        "case_id": "vllm-adapter-burst-fp16",
        "contract_tags": [
          "adapter-burst",
          "decode"
        ],
        "cuda_graph_dynamic_replay": {
          "all_finite": true,
          "atol": 0.025,
          "max_abs_error": 3.0368566513061523e-05,
          "mean_abs_error": 3.1570959890814265e-06,
          "passed": true,
          "rtol": 0.015
        },
        "cuda_graph_first_replay": {
          "all_finite": true,
          "atol": 0.025,
          "max_abs_error": 3.0428171157836914e-05,
          "mean_abs_error": 3.1383031000586925e-06,
          "passed": true,
          "rtol": 0.015
        },
        "eager": {
          "all_finite": true,
          "atol": 0.025,
          "base_output_alias": true,
          "max_abs_error": 3.0338764190673828e-05,
          "mean_abs_error": 3.1386289265356027e-06,
          "passed": true,
          "rtol": 0.015
        },
        "profile_id": "vllm-kernel-integration-v1",
        "shape": {
          "dtype": "float16",
          "rank": 16,
          "slice_dims": [
            4096
          ],
          "slots": 8,
          "tokens": 16
        }
      },
      {
        "case_id": "vllm-qkv-bf16",
        "contract_tags": [
          "qkv",
          "multi-slice"
        ],
        "cuda_graph_dynamic_replay": {
          "all_finite": true,
          "atol": 0.08,
          "max_abs_error": 0.000244140625,
          "mean_abs_error": 2.7304071409162134e-05,
          "passed": true,
          "rtol": 0.04
        },
        "cuda_graph_first_replay": {
          "all_finite": true,
          "atol": 0.08,
          "max_abs_error": 0.00024382025003433228,
          "mean_abs_error": 2.7397631129133515e-05,
          "passed": true,
          "rtol": 0.04
        },
        "eager": {
          "all_finite": true,
          "atol": 0.08,
          "base_output_alias": true,
          "max_abs_error": 0.0002439841628074646,
          "mean_abs_error": 2.751611464191228e-05,
          "passed": true,
          "rtol": 0.04
        },
        "profile_id": "vllm-kernel-integration-v1",
        "shape": {
          "dtype": "bfloat16",
          "rank": 32,
          "slice_dims": [
            4096,
            1024,
            1024
          ],
          "slots": 4,
          "tokens": 32
        }
      },
      {
        "case_id": "vllm-mixed-batch-bf16",
        "contract_tags": [
          "mixed-batch",
          "high-slot"
        ],
        "cuda_graph_dynamic_replay": {
          "all_finite": true,
          "atol": 0.08,
          "max_abs_error": 0.000244140625,
          "mean_abs_error": 2.755379318841733e-05,
          "passed": true,
          "rtol": 0.04
        },
        "cuda_graph_first_replay": {
          "all_finite": true,
          "atol": 0.08,
          "max_abs_error": 0.00024402141571044922,
          "mean_abs_error": 2.741086427704431e-05,
          "passed": true,
          "rtol": 0.04
        },
        "eager": {
          "all_finite": true,
          "atol": 0.08,
          "base_output_alias": true,
          "max_abs_error": 0.00024412572383880615,
          "mean_abs_error": 2.7474632588564418e-05,
          "passed": true,
          "rtol": 0.04
        },
        "profile_id": "vllm-kernel-integration-v1",
        "shape": {
          "dtype": "bfloat16",
          "rank": 32,
          "slice_dims": [
            4096
          ],
          "slots": 8,
          "tokens": 96
        }
      },
      {
        "case_id": "megatron-large-batch-bf16",
        "contract_tags": [
          "large-batch",
          "wide-output"
        ],
        "cuda_graph_dynamic_replay": {
          "all_finite": true,
          "atol": 0.08,
          "max_abs_error": 0.0004667937755584717,
          "mean_abs_error": 3.1839346775086597e-05,
          "passed": true,
          "rtol": 0.04
        },
        "cuda_graph_first_replay": {
          "all_finite": true,
          "atol": 0.08,
          "max_abs_error": 0.00047044456005096436,
          "mean_abs_error": 3.180663043167442e-05,
          "passed": true,
          "rtol": 0.04
        },
        "eager": {
          "all_finite": true,
          "atol": 0.08,
          "base_output_alias": true,
          "max_abs_error": 0.00048522651195526123,
          "mean_abs_error": 3.1603565730620176e-05,
          "passed": true,
          "rtol": 0.04
        },
        "profile_id": "megatron-core-training-kernel-host-v1",
        "shape": {
          "dtype": "bfloat16",
          "rank": 64,
          "slice_dims": [
            8192
          ],
          "slots": 4,
          "tokens": 128
        }
      },
      {
        "case_id": "megatron-tp-slices-fp16",
        "contract_tags": [
          "tensor-parallel-shards",
          "multi-slice"
        ],
        "cuda_graph_dynamic_replay": {
          "all_finite": true,
          "atol": 0.025,
          "max_abs_error": 3.0517578125e-05,
          "mean_abs_error": 3.9577494135301095e-06,
          "passed": true,
          "rtol": 0.015
        },
        "cuda_graph_first_replay": {
          "all_finite": true,
          "atol": 0.025,
          "max_abs_error": 6.0439109802246094e-05,
          "mean_abs_error": 3.959664809372043e-06,
          "passed": true,
          "rtol": 0.015
        },
        "eager": {
          "all_finite": true,
          "atol": 0.025,
          "base_output_alias": true,
          "max_abs_error": 5.698204040527344e-05,
          "mean_abs_error": 3.965332325606141e-06,
          "passed": true,
          "rtol": 0.015
        },
        "profile_id": "megatron-core-training-kernel-host-v1",
        "shape": {
          "dtype": "float16",
          "rank": 64,
          "slice_dims": [
            2048,
            2048,
            2048,
            2048
          ],
          "slots": 4,
          "tokens": 64
        }
      },
      {
        "case_id": "megatron-high-rank-bf16",
        "contract_tags": [
          "high-rank",
          "bf16"
        ],
        "cuda_graph_dynamic_replay": {
          "all_finite": true,
          "atol": 0.08,
          "max_abs_error": 0.0004774928092956543,
          "mean_abs_error": 3.925203054677695e-05,
          "passed": true,
          "rtol": 0.04
        },
        "cuda_graph_first_replay": {
          "all_finite": true,
          "atol": 0.08,
          "max_abs_error": 0.0004507601261138916,
          "mean_abs_error": 3.881005250150338e-05,
          "passed": true,
          "rtol": 0.04
        },
        "eager": {
          "all_finite": true,
          "atol": 0.08,
          "base_output_alias": true,
          "max_abs_error": 0.0004846155643463135,
          "mean_abs_error": 3.901069067069329e-05,
          "passed": true,
          "rtol": 0.04
        },
        "profile_id": "megatron-core-training-kernel-host-v1",
        "shape": {
          "dtype": "bfloat16",
          "rank": 128,
          "slice_dims": [
            4096
          ],
          "slots": 4,
          "tokens": 32
        }
      },
      {
        "case_id": "megatron-slots3-control-bf16",
        "contract_tags": [
          "fallback",
          "large-batch"
        ],
        "cuda_graph_dynamic_replay": {
          "all_finite": true,
          "atol": 0.08,
          "max_abs_error": 0.0007213354110717773,
          "mean_abs_error": 4.22548946517054e-05,
          "passed": true,
          "rtol": 0.04
        },
        "cuda_graph_first_replay": {
          "all_finite": true,
          "atol": 0.08,
          "max_abs_error": 0.00048782676458358765,
          "mean_abs_error": 4.197765883873217e-05,
          "passed": true,
          "rtol": 0.04
        },
        "eager": {
          "all_finite": true,
          "atol": 0.08,
          "base_output_alias": true,
          "max_abs_error": 0.0005470812320709229,
          "mean_abs_error": 4.1961451643146574e-05,
          "passed": true,
          "rtol": 0.04
        },
        "profile_id": "megatron-core-training-kernel-host-v1",
        "shape": {
          "dtype": "bfloat16",
          "rank": 64,
          "slice_dims": [
            8192
          ],
          "slots": 3,
          "tokens": 128
        }
      },
      {
        "case_id": "deepgemm-tiny-m-fp16",
        "contract_tags": [
          "tiny-m",
          "high-slot"
        ],
        "cuda_graph_dynamic_replay": {
          "all_finite": true,
          "atol": 0.025,
          "max_abs_error": 3.0316412448883057e-05,
          "mean_abs_error": 3.950885002268478e-06,
          "passed": true,
          "rtol": 0.015
        },
        "cuda_graph_first_replay": {
          "all_finite": true,
          "atol": 0.025,
          "max_abs_error": 3.0502676963806152e-05,
          "mean_abs_error": 4.002194145868998e-06,
          "passed": true,
          "rtol": 0.015
        },
        "eager": {
          "all_finite": true,
          "atol": 0.025,
          "base_output_alias": true,
          "max_abs_error": 4.26173210144043e-05,
          "mean_abs_error": 4.017053925053915e-06,
          "passed": true,
          "rtol": 0.015
        },
        "profile_id": "deepgemm-moe-gemm-kernel-v1",
        "shape": {
          "dtype": "float16",
          "rank": 64,
          "slice_dims": [
            8192
          ],
          "slots": 8,
          "tokens": 2
        }
      },
      {
        "case_id": "deepgemm-throughput-bf16",
        "contract_tags": [
          "throughput",
          "high-slot"
        ],
        "cuda_graph_dynamic_replay": {
          "all_finite": true,
          "atol": 0.08,
          "max_abs_error": 0.00045011937618255615,
          "mean_abs_error": 3.1631636375095695e-05,
          "passed": true,
          "rtol": 0.04
        },
        "cuda_graph_first_replay": {
          "all_finite": true,
          "atol": 0.08,
          "max_abs_error": 0.0004566311836242676,
          "mean_abs_error": 3.1761806894792244e-05,
          "passed": true,
          "rtol": 0.04
        },
        "eager": {
          "all_finite": true,
          "atol": 0.08,
          "base_output_alias": true,
          "max_abs_error": 0.00045740604400634766,
          "mean_abs_error": 3.182020736858249e-05,
          "passed": true,
          "rtol": 0.04
        },
        "profile_id": "deepgemm-moe-gemm-kernel-v1",
        "shape": {
          "dtype": "bfloat16",
          "rank": 64,
          "slice_dims": [
            8192
          ],
          "slots": 8,
          "tokens": 128
        }
      },
      {
        "case_id": "deepgemm-nonaligned-k-bf16",
        "contract_tags": [
          "non-aligned-k",
          "bf16"
        ],
        "cuda_graph_dynamic_replay": {
          "all_finite": true,
          "atol": 0.08,
          "max_abs_error": 0.00024404376745224,
          "mean_abs_error": 3.0005689040990546e-05,
          "passed": true,
          "rtol": 0.04
        },
        "cuda_graph_first_replay": {
          "all_finite": true,
          "atol": 0.08,
          "max_abs_error": 0.0004796832799911499,
          "mean_abs_error": 2.9796361559419893e-05,
          "passed": true,
          "rtol": 0.04
        },
        "eager": {
          "all_finite": true,
          "atol": 0.08,
          "base_output_alias": true,
          "max_abs_error": 0.00025244057178497314,
          "mean_abs_error": 3.0332397727761418e-05,
          "passed": true,
          "rtol": 0.04
        },
        "profile_id": "deepgemm-moe-gemm-kernel-v1",
        "shape": {
          "dtype": "bfloat16",
          "rank": 48,
          "slice_dims": [
            6144
          ],
          "slots": 8,
          "tokens": 32
        }
      },
      {
        "case_id": "deepgemm-multislice-fp16",
        "contract_tags": [
          "multi-slice",
          "high-slot"
        ],
        "cuda_graph_dynamic_replay": {
          "all_finite": true,
          "atol": 0.025,
          "max_abs_error": 5.060434341430664e-05,
          "mean_abs_error": 3.966836629842874e-06,
          "passed": true,
          "rtol": 0.015
        },
        "cuda_graph_first_replay": {
          "all_finite": true,
          "atol": 0.025,
          "max_abs_error": 4.9114227294921875e-05,
          "mean_abs_error": 3.964645202358952e-06,
          "passed": true,
          "rtol": 0.015
        },
        "eager": {
          "all_finite": true,
          "atol": 0.025,
          "base_output_alias": true,
          "max_abs_error": 3.053247928619385e-05,
          "mean_abs_error": 3.972517333750147e-06,
          "passed": true,
          "rtol": 0.015
        },
        "profile_id": "deepgemm-moe-gemm-kernel-v1",
        "shape": {
          "dtype": "float16",
          "rank": 64,
          "slice_dims": [
            4096,
            4096
          ],
          "slots": 8,
          "tokens": 32
        }
      }
    ]
  },
  "draft_profiles": [
    {
      "authority": "native-target-contract",
      "profile_id": "sglang-runtime-kernel-v1",
      "project": "sglang",
      "role": "primary-host"
    },
    {
      "authority": "dense-gemm-contract-proxy",
      "profile_id": "cutlass-cute-kernel-library-v1",
      "project": "cutlass-cute",
      "role": "primary-peer"
    },
    {
      "authority": "host-workload-contract-proxy",
      "profile_id": "vllm-kernel-integration-v1",
      "project": "vllm",
      "role": "secondary-host"
    },
    {
      "authority": "host-workload-contract-proxy",
      "profile_id": "megatron-core-training-kernel-host-v1",
      "project": "megatron-core",
      "role": "secondary-host"
    },
    {
      "authority": "dense-gemm-contract-proxy",
      "profile_id": "deepgemm-moe-gemm-kernel-v1",
      "project": "deepgemm",
      "role": "secondary-peer"
    }
  ],
  "elapsed_seconds": 12.254671070724726,
  "environment": {
    "compute_capability": [
      12,
      0
    ],
    "cuda": "12.8",
    "gpu": "NVIDIA RTX PRO 4000 Blackwell",
    "torch": "2.8.0+cu128"
  },
  "fresh_process": true,
  "iterations_per_sample": 300,
  "performance": [
    {
      "baseline_median_us": 20.50015926361084,
      "candidate_median_us": 20.500799814860027,
      "capture_order": [
        "candidate",
        "baseline"
      ],
      "case_id": "sglang-slots3-boundary-bf16",
      "contract_tags": [
        "fallback-boundary",
        "graph-replay"
      ],
      "paired_ratio_median": 1.0000780802887126,
      "pairs": [
        {
          "baseline_us": 20.528747240702312,
          "candidate_to_baseline": 1.003741065726014,
          "candidate_us": 20.605546633402508,
          "order": [
            "candidate",
            "baseline"
          ],
          "sample_index": 0,
          "speedup": 0.9962728776835408
        },
        {
          "baseline_us": 20.499199231465656,
          "candidate_to_baseline": 1.0000780802887126,
          "candidate_us": 20.500799814860027,
          "order": [
            "baseline",
            "candidate"
          ],
          "sample_index": 1,
          "speedup": 0.999921925807343
        },
        {
          "baseline_us": 20.50015926361084,
          "candidate_to_baseline": 1.0000468304725265,
          "candidate_us": 20.501119295756023,
          "order": [
            "candidate",
            "baseline"
          ],
          "sample_index": 2,
          "speedup": 0.9999531717204639
        },
        {
          "baseline_us": 20.50048033396403,
          "candidate_to_baseline": 0.9997970969748531,
          "candidate_us": 20.496320724487305,
          "order": [
            "baseline",
            "candidate"
          ],
          "sample_index": 3,
          "speedup": 1.0002029442031397
        },
        {
          "baseline_us": 20.496427218119305,
          "candidate_to_baseline": 1.0001820827333379,
          "candidate_us": 20.50015926361084,
          "order": [
            "candidate",
            "baseline"
          ],
          "sample_index": 4,
          "speedup": 0.9998179504147482
        }
      ],
      "profile_id": "sglang-runtime-kernel-v1",
      "shape": {
        "dtype": "bfloat16",
        "rank": 32,
        "slice_dims": [
          4096
        ],
        "slots": 3,
        "tokens": 16
      }
    },
    {
      "baseline_median_us": 26.640853881835938,
      "candidate_median_us": 22.562987009684246,
      "capture_order": [
        "baseline",
        "candidate"
      ],
      "case_id": "sglang-slots4-boundary-bf16",
      "contract_tags": [
        "fastpath-boundary",
        "graph-replay"
      ],
      "paired_ratio_median": 0.846931825449783,
      "pairs": [
        {
          "baseline_us": 26.767466862996418,
          "candidate_to_baseline": 0.84413318405946,
          "candidate_us": 22.595307032267254,
          "order": [
            "baseline",
            "candidate"
          ],
          "sample_index": 0,
          "speedup": 1.1846471846906577
        },
        {
          "baseline_us": 26.64042631785075,
          "candidate_to_baseline": 0.8469454182332523,
          "candidate_us": 22.562987009684246,
          "order": [
            "candidate",
            "baseline"
          ],
          "sample_index": 1,
          "speedup": 1.1807136309752087
        },
        {
          "baseline_us": 26.64255936940511,
          "candidate_to_baseline": 0.8468455735930615,
          "candidate_us": 22.562133471171062,
          "order": [
            "baseline",
            "candidate"
          ],
          "sample_index": 2,
          "speedup": 1.1808528392692934
        },
        {
          "baseline_us": 26.640853881835938,
          "candidate_to_baseline": 0.846931825449783,
          "candidate_us": 22.562987009684246,
          "order": [
            "candidate",
            "baseline"
          ],
          "sample_index": 3,
          "speedup": 1.1807325807705085
        },
        {
          "baseline_us": 26.63797378540039,
          "candidate_to_baseline": 0.8470594356615878,
          "candidate_us": 22.563947041829426,
          "order": [
            "baseline",
            "candidate"
          ],
          "sample_index": 4,
          "speedup": 1.1805547024205678
        }
      ],
      "profile_id": "sglang-runtime-kernel-v1",
      "shape": {
        "dtype": "bfloat16",
        "rank": 32,
        "slice_dims": [
          4096
        ],
        "slots": 4,
        "tokens": 16
      }
    },
    {
      "baseline_median_us": 22.562880516052246,
      "candidate_median_us": 20.49898624420166,
      "capture_order": [
        "candidate",
        "baseline"
      ],
      "case_id": "sglang-decode-tiny-fp16",
      "contract_tags": [
        "decode",
        "tiny-m"
      ],
      "paired_ratio_median": 0.9085364440449705,
      "pairs": [
        {
          "baseline_us": 22.60192076365153,
          "candidate_to_baseline": 0.9117809486551205,
          "candidate_us": 20.60800075531006,
          "order": [
            "candidate",
            "baseline"
          ],
          "sample_index": 0,
          "speedup": 1.0967546552436775
        },
        {
          "baseline_us": 22.565760612487793,
          "candidate_to_baseline": 0.9083543463550322,
          "candidate_us": 20.49770673116048,
          "order": [
            "baseline",
            "candidate"
          ],
          "sample_index": 1,
          "speedup": 1.1008919635962724
        },
        {
          "baseline_us": 22.56170590718587,
          "candidate_to_baseline": 0.908498711974795,
          "candidate_us": 20.497280756632488,
          "order": [
            "candidate",
            "baseline"
          ],
          "sample_index": 2,
          "speedup": 1.1007170255930352
        },
        {
          "baseline_us": 22.562880516052246,
          "candidate_to_baseline": 0.9085364440449705,
          "candidate_us": 20.499199231465656,
          "order": [
            "baseline",
            "candidate"
          ],
          "sample_index": 3,
          "speedup": 1.100671312146618
        },
        {
          "baseline_us": 22.558719317118328,
          "candidate_to_baseline": 0.9086945919242112,
          "candidate_us": 20.49898624420166,
          "order": [
            "candidate",
            "baseline"
          ],
          "sample_index": 4,
          "speedup": 1.1004797529194539
        }
      ],
      "profile_id": "sglang-runtime-kernel-v1",
      "shape": {
        "dtype": "float16",
        "rank": 16,
        "slice_dims": [
          4096
        ],
        "slots": 4,
        "tokens": 1
      }
    },
    {
      "baseline_median_us": 53.29792022705078,
      "candidate_median_us": 34.855359395345054,
      "capture_order": [
        "baseline",
        "candidate"
      ],
      "case_id": "sglang-qkv-multislice-fp16",
      "contract_tags": [
        "multi-slice",
        "qkv",
        "dynamic-replay"
      ],
      "paired_ratio_median": 0.6539722234349886,
      "pairs": [
        {
          "baseline_us": 53.47893397013346,
          "candidate_to_baseline": 0.6525505114480648,
          "candidate_us": 34.897705713907875,
          "order": [
            "baseline",
            "candidate"
          ],
          "sample_index": 0,
          "speedup": 1.532448419634084
        },
        {
          "baseline_us": 53.29824129740397,
          "candidate_to_baseline": 0.6538622370502232,
          "candidate_us": 34.84970728556315,
          "order": [
            "candidate",
            "baseline"
          ],
          "sample_index": 1,
          "speedup": 1.5293741454030323
        },
        {
          "baseline_us": 53.29375902811686,
          "candidate_to_baseline": 0.6540312788122853,
          "candidate_us": 34.85578536987305,
          "order": [
            "baseline",
            "candidate"
          ],
          "sample_index": 2,
          "speedup": 1.5289788614024558
        },
        {
          "baseline_us": 53.291734059651695,
          "candidate_to_baseline": 0.6540421721854937,
          "candidate_us": 34.85504150390625,
          "order": [
            "candidate",
            "baseline"
          ],
          "sample_index": 3,
          "speedup": 1.528953395556256
        },
        {
          "baseline_us": 53.29792022705078,
          "candidate_to_baseline": 0.6539722234349886,
          "candidate_us": 34.855359395345054,
          "order": [
            "baseline",
            "candidate"
          ],
          "sample_index": 4,
          "speedup": 1.529116932134366
        }
      ],
      "profile_id": "sglang-runtime-kernel-v1",
      "shape": {
        "dtype": "float16",
        "rank": 32,
        "slice_dims": [
          4096,
          1024,
          1024
        ],
        "slots": 4,
        "tokens": 16
      }
    },
    {
      "baseline_median_us": 128.99008433024088,
      "candidate_median_us": 110.56884765625,
      "capture_order": [
        "candidate",
        "baseline"
      ],
      "case_id": "sglang-slots16-wide-bf16",
      "contract_tags": [
        "high-slot",
        "wide-output"
      ],
      "paired_ratio_median": 0.8574765742219498,
      "pairs": [
        {
          "baseline_us": 129.0953572591146,
          "candidate_to_baseline": 0.858817340249744,
          "candidate_us": 110.86933135986328,
          "order": [
            "candidate",
            "baseline"
          ],
          "sample_index": 0,
          "speedup": 1.1643919529025812
        },
        {
          "baseline_us": 128.99008433024088,
          "candidate_to_baseline": 0.8571887384240423,
          "candidate_us": 110.56884765625,
          "order": [
            "baseline",
            "candidate"
          ],
          "sample_index": 1,
          "speedup": 1.1666042204876828
        },
        {
          "baseline_us": 128.9354705810547,
          "candidate_to_baseline": 0.8574765742219498,
          "candidate_us": 110.55914560953777,
          "order": [
            "candidate",
            "baseline"
          ],
          "sample_index": 2,
          "speedup": 1.1662126174203324
        },
        {
          "baseline_us": 128.99061838785806,
          "candidate_to_baseline": 0.8571926813603983,
          "candidate_us": 110.56981404622395,
          "order": [
            "baseline",
            "candidate"
          ],
          "sample_index": 3,
          "speedup": 1.1665988543123829
        },
        {
          "baseline_us": 128.7844212849935,
          "candidate_to_baseline": 0.8583870152692249,
          "candidate_us": 110.546875,
          "order": [
            "candidate",
            "baseline"
          ],
          "sample_index": 4,
          "speedup": 1.164975683708775
        }
      ],
      "profile_id": "sglang-runtime-kernel-v1",
      "shape": {
        "dtype": "bfloat16",
        "rank": 64,
        "slice_dims": [
          8192
        ],
        "slots": 16,
        "tokens": 64
      }
    },
    {
      "baseline_median_us": 22.562880516052246,
      "candidate_median_us": 18.465174039204914,
      "capture_order": [
        "baseline",
        "candidate"
      ],
      "case_id": "cutlass-tiny-m-fp16",
      "contract_tags": [
        "tiny-m",
        "epilogue-alias"
      ],
      "paired_ratio_median": 0.8184439721297212,
      "pairs": [
        {
          "baseline_us": 22.683413823445637,
          "candidate_to_baseline": 0.8156561795564063,
          "candidate_us": 18.501866658528645,
          "order": [
            "baseline",
            "candidate"
          ],
          "sample_index": 0,
          "speedup": 1.2260067722944843
        },
        {
          "baseline_us": 22.55893389383952,
          "candidate_to_baseline": 0.818530437923197,
          "candidate_us": 18.465174039204914,
          "order": [
            "candidate",
            "baseline"
          ],
          "sample_index": 1,
          "speedup": 1.2217016663879154
        },
        {
          "baseline_us": 22.558293342590332,
          "candidate_to_baseline": 0.8185063312883729,
          "candidate_us": 18.46410592397054,
          "order": [
            "baseline",
            "candidate"
          ],
          "sample_index": 2,
          "speedup": 1.2217376479250275
        },
        {
          "baseline_us": 22.562880516052246,
          "candidate_to_baseline": 0.8184439721297212,
          "candidate_us": 18.466453552246094,
          "order": [
            "candidate",
            "baseline"
          ],
          "sample_index": 3,
          "speedup": 1.2218307349711932
        },
        {
          "baseline_us": 22.564053535461426,
          "candidate_to_baseline": 0.8183257696229416,
          "candidate_us": 18.464746475219727,
          "order": [
            "baseline",
            "candidate"
          ],
          "sample_index": 4,
          "speedup": 1.2220072214770508
        }
      ],
      "profile_id": "cutlass-cute-kernel-library-v1",
      "shape": {
        "dtype": "float16",
        "rank": 8,
        "slice_dims": [
          256
        ],
        "slots": 4,
        "tokens": 1
      }
    },
    {
      "baseline_median_us": 28.839467366536457,
      "candidate_median_us": 26.638506253560383,
      "capture_order": [
        "candidate",
        "baseline"
      ],
      "case_id": "cutlass-skinny-bf16",
      "contract_tags": [
        "skinny-shape",
        "wide-output"
      ],
      "paired_ratio_median": 0.9239418987345942,
      "pairs": [
        {
          "baseline_us": 28.947734832763672,
          "candidate_to_baseline": 0.9239418987345942,
          "candidate_us": 26.74602508544922,
          "order": [
            "candidate",
            "baseline"
          ],
          "sample_index": 0,
          "speedup": 1.0823191386488402
        },
        {
          "baseline_us": 28.884480794270832,
          "candidate_to_baseline": 0.922253978309256,
          "candidate_us": 26.638827323913574,
          "order": [
            "baseline",
            "candidate"
          ],
          "sample_index": 1,
          "speedup": 1.0843000122734885
        },
        {
          "baseline_us": 28.806079228719074,
          "candidate_to_baseline": 0.9247122117054488,
          "candidate_us": 26.637333234151203,
          "order": [
            "candidate",
            "baseline"
          ],
          "sample_index": 2,
          "speedup": 1.0814175343869394
        },
        {
          "baseline_us": 28.839467366536457,
          "candidate_to_baseline": 0.9236564209083838,
          "candidate_us": 26.6377592086792,
          "order": [
            "baseline",
            "candidate"
          ],
          "sample_index": 3,
          "speedup": 1.0826536549343044
        },
        {
          "baseline_us": 28.801921208699543,
          "candidate_to_baseline": 0.9248864358921409,
          "candidate_us": 26.638506253560383,
          "order": [
            "candidate",
            "baseline"
          ],
          "sample_index": 4,
          "speedup": 1.081213823873852
        }
      ],
      "profile_id": "cutlass-cute-kernel-library-v1",
      "shape": {
        "dtype": "bfloat16",
        "rank": 16,
        "slice_dims": [
          12288
        ],
        "slots": 4,
        "tokens": 8
      }
    },
    {
      "baseline_median_us": 28.712854385375977,
      "candidate_median_us": 24.612479209899902,
      "capture_order": [
        "baseline",
        "candidate"
      ],
      "case_id": "cutlass-nonaligned-k-fp16",
      "contract_tags": [
        "non-aligned-k",
        "odd-token"
      ],
      "paired_ratio_median": 0.8571927288477776,
      "pairs": [
        {
          "baseline_us": 28.849814732869465,
          "candidate_to_baseline": 0.8544036290763779,
          "candidate_us": 24.649386405944824,
          "order": [
            "baseline",
            "candidate"
          ],
          "sample_index": 0,
          "speedup": 1.1704070136979798
        },
        {
          "baseline_us": 28.714561462402344,
          "candidate_to_baseline": 0.8572059445444502,
          "candidate_us": 24.61429278055827,
          "order": [
            "candidate",
            "baseline"
          ],
          "sample_index": 1,
          "speedup": 1.1665808040230468
        },
        {
          "baseline_us": 28.711573282877605,
          "candidate_to_baseline": 0.8572319937820254,
          "candidate_us": 24.612479209899902,
          "order": [
            "baseline",
            "candidate"
          ],
          "sample_index": 2,
          "speedup": 1.1665453544122821
        },
        {
          "baseline_us": 28.712854385375977,
          "candidate_to_baseline": 0.857178910359651,
          "candidate_us": 24.612053235371906,
          "order": [
            "candidate",
            "baseline"
          ],
          "sample_index": 3,
          "speedup": 1.1666175962966994
        },
        {
          "baseline_us": 28.71114730834961,
          "candidate_to_baseline": 0.8571927288477776,
          "candidate_us": 24.610986709594727,
          "order": [
            "baseline",
            "candidate"
          ],
          "sample_index": 4,
          "speedup": 1.1665987896843002
        }
      ],
      "profile_id": "cutlass-cute-kernel-library-v1",
      "shape": {
        "dtype": "float16",
        "rank": 24,
        "slice_dims": [
          3072
        ],
        "slots": 5,
        "tokens": 7
      }
    },
    {
      "baseline_median_us": 43.805440266927086,
      "candidate_median_us": 41.00458780924479,
      "capture_order": [
        "candidate",
        "baseline"
      ],
      "case_id": "cutlass-nonaligned-n-bf16",
      "contract_tags": [
        "non-aligned-n",
        "odd-token"
      ],
      "paired_ratio_median": 0.9360615384615384,
      "pairs": [
        {
          "baseline_us": 44.439147313435875,
          "candidate_to_baseline": 0.9253583160930192,
          "candidate_us": 41.12213452657064,
          "order": [
            "candidate",
            "baseline"
          ],
          "sample_index": 0,
          "speedup": 1.0806624662132258
        },
        {
          "baseline_us": 44.089600245157875,
          "candidate_to_baseline": 0.9298906390180562,
          "candidate_us": 40.99850654602051,
          "order": [
            "baseline",
            "candidate"
          ],
          "sample_index": 1,
          "speedup": 1.0753952755734564
        },
        {
          "baseline_us": 43.805440266927086,
          "candidate_to_baseline": 0.9360615384615384,
          "candidate_us": 41.00458780924479,
          "order": [
            "candidate",
            "baseline"
          ],
          "sample_index": 2,
          "speedup": 1.0683058313062916
        },
        {
          "baseline_us": 43.688319524129234,
          "candidate_to_baseline": 0.9385391580697214,
          "candidate_us": 41.00319862365723,
          "order": [
            "baseline",
            "candidate"
          ],
          "sample_index": 3,
          "speedup": 1.065485644793643
        },
        {
          "baseline_us": 43.595733642578125,
          "candidate_to_baseline": 0.9405666400661745,
          "candidate_us": 41.004692713419594,
          "order": [
            "candidate",
            "baseline"
          ],
          "sample_index": 4,
          "speedup": 1.0631888878491842
        }
      ],
      "profile_id": "cutlass-cute-kernel-library-v1",
      "shape": {
        "dtype": "bfloat16",
        "rank": 40,
        "slice_dims": [
          3073
        ],
        "slots": 5,
        "tokens": 9
      }
    },
    {
      "baseline_median_us": 6.178666750590007,
      "candidate_median_us": 6.180266539255778,
      "capture_order": [
        "baseline",
        "candidate"
      ],
      "case_id": "vllm-slots1-control-fp16",
      "contract_tags": [
        "single-adapter-control",
        "fallback"
      ],
      "paired_ratio_median": 1.0001381666888476,
      "pairs": [
        {
          "baseline_us": 6.249706745147705,
          "candidate_to_baseline": 0.9898107198277304,
          "candidate_us": 6.186026732126872,
          "order": [
            "baseline",
            "candidate"
          ],
          "sample_index": 0,
          "speedup": 1.0102941703581902
        },
        {
          "baseline_us": 6.178666750590007,
          "candidate_to_baseline": 0.9993612501900427,
          "candidate_us": 6.174720128377278,
          "order": [
            "candidate",
            "baseline"
          ],
          "sample_index": 1,
          "speedup": 1.0006391580720544
        },
        {
          "baseline_us": 6.178880135218303,
          "candidate_to_baseline": 1.0002243778819357,
          "candidate_us": 6.180266539255778,
          "order": [
            "baseline",
            "candidate"
          ],
          "sample_index": 2,
          "speedup": 0.9997756724522043
        },
        {
          "baseline_us": 6.177599827448527,
          "candidate_to_baseline": 1.0001381666888476,
          "candidate_us": 6.178453365961711,
          "order": [
            "candidate",
            "baseline"
          ],
          "sample_index": 3,
          "speedup": 0.9998618523985491
        },
        {
          "baseline_us": 6.177706718444824,
          "candidate_to_baseline": 1.000794251747701,
          "candidate_us": 6.182613372802734,
          "order": [
            "baseline",
            "candidate"
          ],
          "sample_index": 4,
          "speedup": 0.9992063785874928
        }
      ],
      "profile_id": "vllm-kernel-integration-v1",
      "shape": {
        "dtype": "float16",
        "rank": 16,
        "slice_dims": [
          4096
        ],
        "slots": 1,
        "tokens": 4
      }
    },
    {
      "baseline_median_us": 47.12191899617513,
      "candidate_median_us": 40.96949259440104,
      "capture_order": [
        "candidate",
        "baseline"
      ],
      "case_id": "vllm-adapter-burst-fp16",
      "contract_tags": [
        "adapter-burst",
        "decode"
      ],
      "paired_ratio_median": 0.8695265080711557,
      "pairs": [
        {
          "baseline_us": 47.17770576477051,
          "candidate_to_baseline": 0.871643371799529,
          "candidate_us": 41.12213452657064,
          "order": [
            "candidate",
            "baseline"
          ],
          "sample_index": 0,
          "speedup": 1.1472581933772703
        },
        {
          "baseline_us": 47.124481201171875,
          "candidate_to_baseline": 0.8693842046184317,
          "candidate_us": 40.96927960713705,
          "order": [
            "baseline",
            "candidate"
          ],
          "sample_index": 1,
          "speedup": 1.150239439234918
        },
        {
          "baseline_us": 47.117013931274414,
          "candidate_to_baseline": 0.8695265080711557,
          "candidate_us": 40.96949259440104,
          "order": [
            "candidate",
            "baseline"
          ],
          "sample_index": 2,
          "speedup": 1.1500511953548946
        },
        {
          "baseline_us": 47.12191899617513,
          "candidate_to_baseline": 0.8694563697601488,
          "candidate_us": 40.970452626546226,
          "order": [
            "baseline",
            "candidate"
          ],
          "sample_index": 3,
          "speedup": 1.1501439690134923
        },
        {
          "baseline_us": 47.115840911865234,
          "candidate_to_baseline": 0.8695459297195494,
          "candidate_us": 40.969387690226235,
          "order": [
            "candidate",
            "baseline"
          ],
          "sample_index": 4,
          "speedup": 1.1500255085116957
        }
      ],
      "profile_id": "vllm-kernel-integration-v1",
      "shape": {
        "dtype": "float16",
        "rank": 16,
        "slice_dims": [
          4096
        ],
        "slots": 8,
        "tokens": 16
      }
    },
    {
      "baseline_median_us": 55.57247797648112,
      "candidate_median_us": 36.90570513407389,
      "capture_order": [
        "baseline",
        "candidate"
      ],
      "case_id": "vllm-qkv-bf16",
      "contract_tags": [
        "qkv",
        "multi-slice"
      ],
      "paired_ratio_median": 0.6639910328522749,
      "pairs": [
        {
          "baseline_us": 55.68565368652344,
          "candidate_to_baseline": 0.663509254222937,
          "candidate_us": 36.947946548461914,
          "order": [
            "baseline",
            "candidate"
          ],
          "sample_index": 0,
          "speedup": 1.5071379843392556
        },
        {
          "baseline_us": 55.6121571858724,
          "candidate_to_baseline": 0.6635690649952738,
          "candidate_us": 36.90250714619955,
          "order": [
            "candidate",
            "baseline"
          ],
          "sample_index": 1,
          "speedup": 1.507002138514583
        },
        {
          "baseline_us": 55.537707010904946,
          "candidate_to_baseline": 0.664516184055409,
          "candidate_us": 36.90570513407389,
          "order": [
            "baseline",
            "candidate"
          ],
          "sample_index": 2,
          "speedup": 1.504854244327355
        },
        {
          "baseline_us": 55.57247797648112,
          "candidate_to_baseline": 0.6639910328522749,
          "candidate_us": 36.899627049764,
          "order": [
            "candidate",
            "baseline"
          ],
          "sample_index": 3,
          "speedup": 1.5060444351248952
        },
        {
          "baseline_us": 55.48383712768555,
          "candidate_to_baseline": 0.6651709957759114,
          "candidate_us": 36.90623919169108,
          "order": [
            "baseline",
            "candidate"
          ],
          "sample_index": 4,
          "speedup": 1.5033728264617368
        }
      ],
      "profile_id": "vllm-kernel-integration-v1",
      "shape": {
        "dtype": "bfloat16",
        "rank": 32,
        "slice_dims": [
          4096,
          1024,
          1024
        ],
        "slots": 4,
        "tokens": 32
      }
    },
    {
      "baseline_median_us": 62.12757110595703,
      "candidate_median_us": 51.59242630004883,
      "capture_order": [
        "candidate",
        "baseline"
      ],
      "case_id": "vllm-mixed-batch-bf16",
      "contract_tags": [
        "mixed-batch",
        "high-slot"
      ],
      "paired_ratio_median": 0.828985014258344,
      "pairs": [
        {
          "baseline_us": 62.12106704711914,
          "candidate_to_baseline": 0.8409230913459586,
          "candidate_us": 52.239039738972984,
          "order": [
            "candidate",
            "baseline"
          ],
          "sample_index": 0,
          "speedup": 1.1891693905080276
        },
        {
          "baseline_us": 61.90336227416992,
          "candidate_to_baseline": 0.8312311015074425,
          "candidate_us": 51.456000010172524,
          "order": [
            "baseline",
            "candidate"
          ],
          "sample_index": 1,
          "speedup": 1.2030348698292137
        },
        {
          "baseline_us": 62.366294860839844,
          "candidate_to_baseline": 0.8272485388969933,
          "candidate_us": 51.59242630004883,
          "order": [
            "candidate",
            "baseline"
          ],
          "sample_index": 2,
          "speedup": 1.2088265533032476
        },
        {
          "baseline_us": 62.32255935668945,
          "candidate_to_baseline": 0.8286283557924206,
          "candidate_us": 51.64223988850912,
          "order": [
            "baseline",
            "candidate"
          ],
          "sample_index": 3,
          "speedup": 1.2068136372713145
        },
        {
          "baseline_us": 62.12757110595703,
          "candidate_to_baseline": 0.828985014258344,
          "candidate_us": 51.50282541910807,
          "order": [
            "candidate",
            "baseline"
          ],
          "sample_index": 4,
          "speedup": 1.2062944236629602
        }
      ],
      "profile_id": "vllm-kernel-integration-v1",
      "shape": {
        "dtype": "bfloat16",
        "rank": 32,
        "slice_dims": [
          4096
        ],
        "slots": 8,
        "tokens": 96
      }
    },
    {
      "baseline_median_us": 45.06335894266764,
      "candidate_median_us": 38.9409065246582,
      "capture_order": [
        "baseline",
        "candidate"
      ],
      "case_id": "megatron-large-batch-bf16",
      "contract_tags": [
        "large-batch",
        "wide-output"
      ],
      "paired_ratio_median": 0.8639033881314165,
      "pairs": [
        {
          "baseline_us": 45.17834663391113,
          "candidate_to_baseline": 0.8626834636011185,
          "candidate_us": 38.97461255391439,
          "order": [
            "baseline",
            "candidate"
          ],
          "sample_index": 0,
          "speedup": 1.1591737203651478
        },
        {
          "baseline_us": 45.061333974202476,
          "candidate_to_baseline": 0.8639033881314165,
          "candidate_us": 38.92863909403483,
          "order": [
            "candidate",
            "baseline"
          ],
          "sample_index": 1,
          "speedup": 1.1575368423579797
        },
        {
          "baseline_us": 45.06335894266764,
          "candidate_to_baseline": 0.8637059865867714,
          "candidate_us": 38.92149289449056,
          "order": [
            "baseline",
            "candidate"
          ],
          "sample_index": 2,
          "speedup": 1.1578013994690957
        },
        {
          "baseline_us": 45.070505142211914,
          "candidate_to_baseline": 0.8639997799400548,
          "candidate_us": 38.9409065246582,
          "order": [
            "candidate",
            "baseline"
          ],
          "sample_index": 3,
          "speedup": 1.157407702198004
        },
        {
          "baseline_us": 45.06058692932129,
          "candidate_to_baseline": 0.864341489689298,
          "candidate_us": 38.94773483276367,
          "order": [
            "baseline",
            "candidate"
          ],
          "sample_index": 4,
          "speedup": 1.1569501313184292
        }
      ],
      "profile_id": "megatron-core-training-kernel-host-v1",
      "shape": {
        "dtype": "bfloat16",
        "rank": 64,
        "slice_dims": [
          8192
        ],
        "slots": 4,
        "tokens": 128
      }
    },
    {
      "baseline_median_us": 73.7274678548177,
      "candidate_median_us": 47.150932947794594,
      "capture_order": [
        "candidate",
        "baseline"
      ],
      "case_id": "megatron-tp-slices-fp16",
      "contract_tags": [
        "tensor-parallel-shards",
        "multi-slice"
      ],
      "paired_ratio_median": 0.6395384013196762,
      "pairs": [
        {
          "baseline_us": 73.7890116373698,
          "candidate_to_baseline": 0.6408816881739181,
          "candidate_us": 47.290026346842446,
          "order": [
            "candidate",
            "baseline"
          ],
          "sample_index": 0,
          "speedup": 1.560350402348564
        },
        {
          "baseline_us": 73.72650782267253,
          "candidate_to_baseline": 0.6395384013196762,
          "candidate_us": 47.150932947794594,
          "order": [
            "baseline",
            "candidate"
          ],
          "sample_index": 1,
          "speedup": 1.563627763300089
        },
        {
          "baseline_us": 73.72704188028972,
          "candidate_to_baseline": 0.6395482561146217,
          "candidate_us": 47.15200106302897,
          "order": [
            "candidate",
            "baseline"
          ],
          "sample_index": 2,
          "speedup": 1.5636036693699888
        },
        {
          "baseline_us": 73.72800191243489,
          "candidate_to_baseline": 0.6395138858467603,
          "candidate_us": 47.15008099873861,
          "order": [
            "baseline",
            "candidate"
          ],
          "sample_index": 3,
          "speedup": 1.563687704256697
        },
        {
          "baseline_us": 73.7274678548177,
          "candidate_to_baseline": 0.6395271848122959,
          "candidate_us": 47.1507199605306,
          "order": [
            "candidate",
            "baseline"
          ],
          "sample_index": 4,
          "speedup": 1.5636551873764437
        }
      ],
      "profile_id": "megatron-core-training-kernel-host-v1",
      "shape": {
        "dtype": "float16",
        "rank": 64,
        "slice_dims": [
          2048,
          2048,
          2048,
          2048
        ],
        "slots": 4,
        "tokens": 64
      }
    },
    {
      "baseline_median_us": 30.732479095458984,
      "candidate_median_us": 26.641173362731934,
      "capture_order": [
        "baseline",
        "candidate"
      ],
      "case_id": "megatron-high-rank-bf16",
      "contract_tags": [
        "high-rank",
        "bf16"
      ],
      "paired_ratio_median": 0.8668559471989443,
      "pairs": [
        {
          "baseline_us": 30.889921188354492,
          "candidate_to_baseline": 0.8633011870069853,
          "candidate_us": 26.66730562845866,
          "order": [
            "baseline",
            "candidate"
          ],
          "sample_index": 0,
          "speedup": 1.1583442893979348
        },
        {
          "baseline_us": 30.732479095458984,
          "candidate_to_baseline": 0.8667833036568945,
          "candidate_us": 26.638399759928387,
          "order": [
            "candidate",
            "baseline"
          ],
          "sample_index": 1,
          "speedup": 1.1536908888081647
        },
        {
          "baseline_us": 30.733226140340168,
          "candidate_to_baseline": 0.8668559471989443,
          "candidate_us": 26.641279856363933,
          "order": [
            "baseline",
            "candidate"
          ],
          "sample_index": 2,
          "speedup": 1.1535942081625923
        },
        {
          "baseline_us": 30.72490692138672,
          "candidate_to_baseline": 0.867087195118166,
          "candidate_us": 26.641173362731934,
          "order": [
            "candidate",
            "baseline"
          ],
          "sample_index": 3,
          "speedup": 1.1532865502225769
        },
        {
          "baseline_us": 30.73002815246582,
          "candidate_to_baseline": 0.866939227550373,
          "candidate_us": 26.641066869099934,
          "order": [
            "baseline",
            "candidate"
          ],
          "sample_index": 4,
          "speedup": 1.1534833910164661
        }
      ],
      "profile_id": "megatron-core-training-kernel-host-v1",
      "shape": {
        "dtype": "bfloat16",
        "rank": 128,
        "slice_dims": [
          4096
        ],
        "slots": 4,
        "tokens": 32
      }
    },
    {
      "baseline_median_us": 34.069973627726235,
      "candidate_median_us": 34.78602727254232,
      "capture_order": [
        "candidate",
        "baseline"
      ],
      "case_id": "megatron-slots3-control-bf16",
      "contract_tags": [
        "fallback",
        "large-batch"
      ],
      "paired_ratio_median": 1.021638337244485,
      "pairs": [
        {
          "baseline_us": 34.45802688598633,
          "candidate_to_baseline": 1.0138092346569851,
          "candidate_us": 34.93386586507162,
          "order": [
            "candidate",
            "baseline"
          ],
          "sample_index": 0,
          "speedup": 0.9863788628225927
        },
        {
          "baseline_us": 33.937174479166664,
          "candidate_to_baseline": 1.0235634869130978,
          "candidate_us": 34.73685264587402,
          "order": [
            "baseline",
            "candidate"
          ],
          "sample_index": 1,
          "speedup": 0.9769789688530591
        },
        {
          "baseline_us": 34.0826670328776,
          "candidate_to_baseline": 1.021638337244485,
          "candidate_us": 34.8201592763265,
          "order": [
            "candidate",
            "baseline"
          ],
          "sample_index": 2,
          "speedup": 0.9788199635275562
        },
        {
          "baseline_us": 34.069973627726235,
          "candidate_to_baseline": 1.0210171470233649,
          "candidate_us": 34.78602727254232,
          "order": [
            "baseline",
            "candidate"
          ],
          "sample_index": 3,
          "speedup": 0.9794154808421803
        },
        {
          "baseline_us": 33.8859748840332,
          "candidate_to_baseline": 1.0261457130779505,
          "candidate_us": 34.77194786071777,
          "order": [
            "candidate",
            "baseline"
          ],
          "sample_index": 4,
          "speedup": 0.9745204674689661
        }
      ],
      "profile_id": "megatron-core-training-kernel-host-v1",
      "shape": {
        "dtype": "bfloat16",
        "rank": 64,
        "slice_dims": [
          8192
        ],
        "slots": 3,
        "tokens": 128
      }
    },
    {
      "baseline_median_us": 49.1537062327067,
      "candidate_median_us": 41.003519694010414,
      "capture_order": [
        "baseline",
        "candidate"
      ],
      "case_id": "deepgemm-tiny-m-fp16",
      "contract_tags": [
        "tiny-m",
        "high-slot"
      ],
      "paired_ratio_median": 0.8342042449333212,
      "pairs": [
        {
          "baseline_us": 49.34826532999674,
          "candidate_to_baseline": 0.8319146781595173,
          "candidate_us": 41.0535462697347,
          "order": [
            "baseline",
            "candidate"
          ],
          "sample_index": 0,
          "speedup": 1.202046347123416
        },
        {
          "baseline_us": 49.15285428365072,
          "candidate_to_baseline": 0.8342042449333212,
          "candidate_us": 41.003519694010414,
          "order": [
            "candidate",
            "baseline"
          ],
          "sample_index": 1,
          "speedup": 1.1987471965932408
        },
        {
          "baseline_us": 49.15487925211588,
          "candidate_to_baseline": 0.8342632001421736,
          "candidate_us": 41.00810686747233,
          "order": [
            "baseline",
            "candidate"
          ],
          "sample_index": 2,
          "speedup": 1.1986624842490738
        },
        {
          "baseline_us": 49.15178616841634,
          "candidate_to_baseline": 0.834207174254769,
          "candidate_us": 41.002772649129234,
          "order": [
            "candidate",
            "baseline"
          ],
          "sample_index": 3,
          "speedup": 1.1987429871882131
        },
        {
          "baseline_us": 49.1537062327067,
          "candidate_to_baseline": 0.8341246605721913,
          "candidate_us": 41.00031852722168,
          "order": [
            "baseline",
            "candidate"
          ],
          "sample_index": 4,
          "speedup": 1.1988615698210168
        }
      ],
      "profile_id": "deepgemm-moe-gemm-kernel-v1",
      "shape": {
        "dtype": "float16",
        "rank": 64,
        "slice_dims": [
          8192
        ],
        "slots": 8,
        "tokens": 2
      }
    },
    {
      "baseline_median_us": 87.98655827840169,
      "candidate_median_us": 75.84159851074219,
      "capture_order": [
        "candidate",
        "baseline"
      ],
      "case_id": "deepgemm-throughput-bf16",
      "contract_tags": [
        "throughput",
        "high-slot"
      ],
      "paired_ratio_median": 0.8620686689198761,
      "pairs": [
        {
          "baseline_us": 88.0509885152181,
          "candidate_to_baseline": 0.8630489956006918,
          "candidate_us": 75.99231719970703,
          "order": [
            "candidate",
            "baseline"
          ],
          "sample_index": 0,
          "speedup": 1.158682768993884
        },
        {
          "baseline_us": 87.98655827840169,
          "candidate_to_baseline": 0.8620552985821538,
          "candidate_us": 75.84927876790364,
          "order": [
            "baseline",
            "candidate"
          ],
          "sample_index": 1,
          "speedup": 1.1600183905194106
        },
        {
          "baseline_us": 88.00085067749023,
          "candidate_to_baseline": 0.8617807658320868,
          "candidate_us": 75.83744049072266,
          "order": [
            "candidate",
            "baseline"
          ],
          "sample_index": 2,
          "speedup": 1.160387931186253
        },
        {
          "baseline_us": 87.91914621988933,
          "candidate_to_baseline": 0.8626289240919071,
          "candidate_us": 75.84159851074219,
          "order": [
            "baseline",
            "candidate"
          ],
          "sample_index": 3,
          "speedup": 1.1592470088487978
        },
        {
          "baseline_us": 87.96106974283855,
          "candidate_to_baseline": 0.8620686689198761,
          "candidate_us": 75.82848230997722,
          "order": [
            "candidate",
            "baseline"
          ],
          "sample_index": 4,
          "speedup": 1.160000399101552
        }
      ],
      "profile_id": "deepgemm-moe-gemm-kernel-v1",
      "shape": {
        "dtype": "bfloat16",
        "rank": 64,
        "slice_dims": [
          8192
        ],
        "slots": 8,
        "tokens": 128
      }
    },
    {
      "baseline_median_us": 55.33738454182943,
      "candidate_median_us": 47.10943857828776,
      "capture_order": [
        "baseline",
        "candidate"
      ],
      "case_id": "deepgemm-nonaligned-k-bf16",
      "contract_tags": [
        "non-aligned-k",
        "bf16"
      ],
      "paired_ratio_median": 0.8513053696665073,
      "pairs": [
        {
          "baseline_us": 55.51626841227213,
          "candidate_to_baseline": 0.849522970459991,
          "candidate_us": 47.16234525044759,
          "order": [
            "baseline",
            "candidate"
          ],
          "sample_index": 0,
          "speedup": 1.1771312074805114
        },
        {
          "baseline_us": 55.33418655395508,
          "candidate_to_baseline": 0.8513950718777845,
          "candidate_us": 47.11125373840332,
          "order": [
            "candidate",
            "baseline"
          ],
          "sample_index": 1,
          "speedup": 1.174542856813185
        },
        {
          "baseline_us": 55.344854990641274,
          "candidate_to_baseline": 0.8511750669989051,
          "candidate_us": 47.108160654703774,
          "order": [
            "baseline",
            "candidate"
          ],
          "sample_index": 2,
          "speedup": 1.174846443195083
        },
        {
          "baseline_us": 55.331198374430336,
          "candidate_to_baseline": 0.8514082463837975,
          "candidate_us": 47.10943857828776,
          "order": [
            "candidate",
            "baseline"
          ],
          "sample_index": 3,
          "speedup": 1.174524682192496
        },
        {
          "baseline_us": 55.33738454182943,
          "candidate_to_baseline": 0.8513053696665073,
          "candidate_us": 47.109012603759766,
          "order": [
            "baseline",
            "candidate"
          ],
          "sample_index": 4,
          "speedup": 1.1746666186209336
        }
      ],
      "profile_id": "deepgemm-moe-gemm-kernel-v1",
      "shape": {
        "dtype": "bfloat16",
        "rank": 48,
        "slice_dims": [
          6144
        ],
        "slots": 8,
        "tokens": 32
      }
    },
    {
      "baseline_median_us": 84.03488159179688,
      "candidate_median_us": 57.68373489379883,
      "capture_order": [
        "candidate",
        "baseline"
      ],
      "case_id": "deepgemm-multislice-fp16",
      "contract_tags": [
        "multi-slice",
        "high-slot"
      ],
      "paired_ratio_median": 0.6864348112666235,
      "pairs": [
        {
          "baseline_us": 84.115416208903,
          "candidate_to_baseline": 0.6921677212857753,
          "candidate_us": 58.22197596232096,
          "order": [
            "candidate",
            "baseline"
          ],
          "sample_index": 0,
          "speedup": 1.444736541805783
        },
        {
          "baseline_us": 84.03690973917644,
          "candidate_to_baseline": 0.686365110608273,
          "candidate_us": 57.68000284830729,
          "order": [
            "baseline",
            "candidate"
          ],
          "sample_index": 1,
          "speedup": 1.4569505129912217
        },
        {
          "baseline_us": 84.02890523274739,
          "candidate_to_baseline": 0.6855253437267245,
          "candidate_us": 57.60394414265951,
          "order": [
            "candidate",
            "baseline"
          ],
          "sample_index": 2,
          "speedup": 1.45873527383203
        },
        {
          "baseline_us": 84.03488159179688,
          "candidate_to_baseline": 0.6864679247521325,
          "candidate_us": 57.68725077311198,
          "order": [
            "baseline",
            "candidate"
          ],
          "sample_index": 3,
          "speedup": 1.4567323016018217
        },
        {
          "baseline_us": 84.0338134765625,
          "candidate_to_baseline": 0.6864348112666235,
          "candidate_us": 57.68373489379883,
          "order": [
            "candidate",
            "baseline"
          ],
          "sample_index": 4,
          "speedup": 1.4568025740926216
        }
      ],
      "profile_id": "deepgemm-moe-gemm-kernel-v1",
      "shape": {
        "dtype": "float16",
        "rank": 64,
        "slice_dims": [
          4096,
          4096
        ],
        "slots": 8,
        "tokens": 32
      }
    }
  ],
  "replay_index": 1,
  "samples_per_case": 5,
  "schema_version": "0.5"
}
