{
  "baseline_source_sha256": "sha256:390676cc38975095ba124d1932aa8c27dc2b4605e18c495c095ae852f4c96790",
  "benchmark": "sglang-graph-lora-multidraft-v1",
  "candidate_source_sha256": "sha256:8842d8b62f766265142e341e5acc59492ccb41756237bcd9a217568311a76402",
  "case_plan": [
    {
      "case_id": "sglang-slots3-boundary-bf16",
      "contract_tags": [
        "fallback-boundary",
        "graph-replay"
      ],
      "profile_id": "sglang-runtime-kernel-v1",
      "shape": {
        "dtype": "bfloat16",
        "rank": 32,
        "slice_dims": [
          4096
        ],
        "slots": 3,
        "tokens": 16
      }
    },
    {
      "case_id": "sglang-slots4-boundary-bf16",
      "contract_tags": [
        "fastpath-boundary",
        "graph-replay"
      ],
      "profile_id": "sglang-runtime-kernel-v1",
      "shape": {
        "dtype": "bfloat16",
        "rank": 32,
        "slice_dims": [
          4096
        ],
        "slots": 4,
        "tokens": 16
      }
    },
    {
      "case_id": "sglang-decode-tiny-fp16",
      "contract_tags": [
        "decode",
        "tiny-m"
      ],
      "profile_id": "sglang-runtime-kernel-v1",
      "shape": {
        "dtype": "float16",
        "rank": 16,
        "slice_dims": [
          4096
        ],
        "slots": 4,
        "tokens": 1
      }
    },
    {
      "case_id": "sglang-qkv-multislice-fp16",
      "contract_tags": [
        "multi-slice",
        "qkv",
        "dynamic-replay"
      ],
      "profile_id": "sglang-runtime-kernel-v1",
      "shape": {
        "dtype": "float16",
        "rank": 32,
        "slice_dims": [
          4096,
          1024,
          1024
        ],
        "slots": 4,
        "tokens": 16
      }
    },
    {
      "case_id": "sglang-slots16-wide-bf16",
      "contract_tags": [
        "high-slot",
        "wide-output"
      ],
      "profile_id": "sglang-runtime-kernel-v1",
      "shape": {
        "dtype": "bfloat16",
        "rank": 64,
        "slice_dims": [
          8192
        ],
        "slots": 16,
        "tokens": 64
      }
    },
    {
      "case_id": "cutlass-tiny-m-fp16",
      "contract_tags": [
        "tiny-m",
        "epilogue-alias"
      ],
      "profile_id": "cutlass-cute-kernel-library-v1",
      "shape": {
        "dtype": "float16",
        "rank": 8,
        "slice_dims": [
          256
        ],
        "slots": 4,
        "tokens": 1
      }
    },
    {
      "case_id": "cutlass-skinny-bf16",
      "contract_tags": [
        "skinny-shape",
        "wide-output"
      ],
      "profile_id": "cutlass-cute-kernel-library-v1",
      "shape": {
        "dtype": "bfloat16",
        "rank": 16,
        "slice_dims": [
          12288
        ],
        "slots": 4,
        "tokens": 8
      }
    },
    {
      "case_id": "cutlass-nonaligned-k-fp16",
      "contract_tags": [
        "non-aligned-k",
        "odd-token"
      ],
      "profile_id": "cutlass-cute-kernel-library-v1",
      "shape": {
        "dtype": "float16",
        "rank": 24,
        "slice_dims": [
          3072
        ],
        "slots": 5,
        "tokens": 7
      }
    },
    {
      "case_id": "cutlass-nonaligned-n-bf16",
      "contract_tags": [
        "non-aligned-n",
        "odd-token"
      ],
      "profile_id": "cutlass-cute-kernel-library-v1",
      "shape": {
        "dtype": "bfloat16",
        "rank": 40,
        "slice_dims": [
          3073
        ],
        "slots": 5,
        "tokens": 9
      }
    },
    {
      "case_id": "vllm-slots1-control-fp16",
      "contract_tags": [
        "single-adapter-control",
        "fallback"
      ],
      "profile_id": "vllm-kernel-integration-v1",
      "shape": {
        "dtype": "float16",
        "rank": 16,
        "slice_dims": [
          4096
        ],
        "slots": 1,
        "tokens": 4
      }
    },
    {
      "case_id": "vllm-adapter-burst-fp16",
      "contract_tags": [
        "adapter-burst",
        "decode"
      ],
      "profile_id": "vllm-kernel-integration-v1",
      "shape": {
        "dtype": "float16",
        "rank": 16,
        "slice_dims": [
          4096
        ],
        "slots": 8,
        "tokens": 16
      }
    },
    {
      "case_id": "vllm-qkv-bf16",
      "contract_tags": [
        "qkv",
        "multi-slice"
      ],
      "profile_id": "vllm-kernel-integration-v1",
      "shape": {
        "dtype": "bfloat16",
        "rank": 32,
        "slice_dims": [
          4096,
          1024,
          1024
        ],
        "slots": 4,
        "tokens": 32
      }
    },
    {
      "case_id": "vllm-mixed-batch-bf16",
      "contract_tags": [
        "mixed-batch",
        "high-slot"
      ],
      "profile_id": "vllm-kernel-integration-v1",
      "shape": {
        "dtype": "bfloat16",
        "rank": 32,
        "slice_dims": [
          4096
        ],
        "slots": 8,
        "tokens": 96
      }
    },
    {
      "case_id": "megatron-large-batch-bf16",
      "contract_tags": [
        "large-batch",
        "wide-output"
      ],
      "profile_id": "megatron-core-training-kernel-host-v1",
      "shape": {
        "dtype": "bfloat16",
        "rank": 64,
        "slice_dims": [
          8192
        ],
        "slots": 4,
        "tokens": 128
      }
    },
    {
      "case_id": "megatron-tp-slices-fp16",
      "contract_tags": [
        "tensor-parallel-shards",
        "multi-slice"
      ],
      "profile_id": "megatron-core-training-kernel-host-v1",
      "shape": {
        "dtype": "float16",
        "rank": 64,
        "slice_dims": [
          2048,
          2048,
          2048,
          2048
        ],
        "slots": 4,
        "tokens": 64
      }
    },
    {
      "case_id": "megatron-high-rank-bf16",
      "contract_tags": [
        "high-rank",
        "bf16"
      ],
      "profile_id": "megatron-core-training-kernel-host-v1",
      "shape": {
        "dtype": "bfloat16",
        "rank": 128,
        "slice_dims": [
          4096
        ],
        "slots": 4,
        "tokens": 32
      }
    },
    {
      "case_id": "megatron-slots3-control-bf16",
      "contract_tags": [
        "fallback",
        "large-batch"
      ],
      "profile_id": "megatron-core-training-kernel-host-v1",
      "shape": {
        "dtype": "bfloat16",
        "rank": 64,
        "slice_dims": [
          8192
        ],
        "slots": 3,
        "tokens": 128
      }
    },
    {
      "case_id": "deepgemm-tiny-m-fp16",
      "contract_tags": [
        "tiny-m",
        "high-slot"
      ],
      "profile_id": "deepgemm-moe-gemm-kernel-v1",
      "shape": {
        "dtype": "float16",
        "rank": 64,
        "slice_dims": [
          8192
        ],
        "slots": 8,
        "tokens": 2
      }
    },
    {
      "case_id": "deepgemm-throughput-bf16",
      "contract_tags": [
        "throughput",
        "high-slot"
      ],
      "profile_id": "deepgemm-moe-gemm-kernel-v1",
      "shape": {
        "dtype": "bfloat16",
        "rank": 64,
        "slice_dims": [
          8192
        ],
        "slots": 8,
        "tokens": 128
      }
    },
    {
      "case_id": "deepgemm-nonaligned-k-bf16",
      "contract_tags": [
        "non-aligned-k",
        "bf16"
      ],
      "profile_id": "deepgemm-moe-gemm-kernel-v1",
      "shape": {
        "dtype": "bfloat16",
        "rank": 48,
        "slice_dims": [
          6144
        ],
        "slots": 8,
        "tokens": 32
      }
    },
    {
      "case_id": "deepgemm-multislice-fp16",
      "contract_tags": [
        "multi-slice",
        "high-slot"
      ],
      "profile_id": "deepgemm-moe-gemm-kernel-v1",
      "shape": {
        "dtype": "float16",
        "rank": 64,
        "slice_dims": [
          4096,
          4096
        ],
        "slots": 8,
        "tokens": 32
      }
    }
  ],
  "contracts": {
    "baseline": [
      {
        "name": "empty_weights",
        "passed": true,
        "shape": [
          3,
          128
        ]
      },
      {
        "all_finite": true,
        "atol": 0.08,
        "max_abs_error": 7.584691047668457e-06,
        "mean_abs_error": 1.2225737009430304e-06,
        "name": "mixed_output_dtype",
        "passed": true,
        "rtol": 0.04
      },
      {
        "error": null,
        "name": "gradient",
        "passed": true
      },
      {
        "error": null,
        "name": "gradient_slots4_fallback",
        "passed": true
      },
      {
        "all_finite": true,
        "allocated_output": true,
        "atol": 0.025,
        "max_abs_error": 1.4904886484146118e-05,
        "mean_abs_error": 1.6866277974258992e-06,
        "name": "base_output_none",
        "passed": true,
        "rtol": 0.015
      },
      {
        "name": "zero_tokens",
        "passed": true,
        "shape": [
          0,
          64
        ]
      },
      {
        "name": "concurrent_streams",
        "passed": true,
        "streams": [
          {
            "all_finite": true,
            "atol": 0.025,
            "max_abs_error": 4.267692565917969e-05,
            "mean_abs_error": 4.108478151465533e-06,
            "passed": true,
            "rtol": 0.015
          },
          {
            "all_finite": true,
            "atol": 0.08,
            "max_abs_error": 0.00029624998569488525,
            "mean_abs_error": 3.53829309460707e-05,
            "passed": true,
            "rtol": 0.04
          }
        ]
      }
    ],
    "candidate": [
      {
        "name": "empty_weights",
        "passed": true,
        "shape": [
          3,
          128
        ]
      },
      {
        "all_finite": true,
        "atol": 0.08,
        "max_abs_error": 1.2822449207305908e-05,
        "mean_abs_error": 1.4968547930038767e-06,
        "name": "mixed_output_dtype",
        "passed": true,
        "rtol": 0.04
      },
      {
        "error": null,
        "name": "gradient",
        "passed": true
      },
      {
        "error": null,
        "name": "gradient_slots4_fallback",
        "passed": true
      },
      {
        "all_finite": true,
        "allocated_output": true,
        "atol": 0.025,
        "max_abs_error": 1.2487173080444336e-05,
        "mean_abs_error": 1.5272278233169345e-06,
        "name": "base_output_none",
        "passed": true,
        "rtol": 0.015
      },
      {
        "name": "zero_tokens",
        "passed": true,
        "shape": [
          0,
          64
        ]
      },
      {
        "name": "concurrent_streams",
        "passed": true,
        "streams": [
          {
            "all_finite": true,
            "atol": 0.025,
            "max_abs_error": 3.0405819416046143e-05,
            "mean_abs_error": 3.3067735785152763e-06,
            "passed": true,
            "rtol": 0.015
          },
          {
            "all_finite": true,
            "atol": 0.08,
            "max_abs_error": 0.00024236738681793213,
            "mean_abs_error": 2.756300636974629e-05,
            "passed": true,
            "rtol": 0.04
          }
        ]
      }
    ]
  },
  "correctness": {
    "baseline": [
      {
        "case_id": "sglang-slots3-boundary-bf16",
        "contract_tags": [
          "fallback-boundary",
          "graph-replay"
        ],
        "cuda_graph_dynamic_replay": {
          "all_finite": true,
          "atol": 0.08,
          "max_abs_error": 0.00036613643169403076,
          "mean_abs_error": 3.548251697793603e-05,
          "passed": true,
          "rtol": 0.04
        },
        "cuda_graph_first_replay": {
          "all_finite": true,
          "atol": 0.08,
          "max_abs_error": 0.0003651231527328491,
          "mean_abs_error": 3.416226172703318e-05,
          "passed": true,
          "rtol": 0.04
        },
        "eager": {
          "all_finite": true,
          "atol": 0.08,
          "base_output_alias": true,
          "max_abs_error": 0.0003546476364135742,
          "mean_abs_error": 3.415517494431697e-05,
          "passed": true,
          "rtol": 0.04
        },
        "profile_id": "sglang-runtime-kernel-v1",
        "shape": {
          "dtype": "bfloat16",
          "rank": 32,
          "slice_dims": [
            4096
          ],
          "slots": 3,
          "tokens": 16
        }
      },
      {
        "case_id": "sglang-slots4-boundary-bf16",
        "contract_tags": [
          "fastpath-boundary",
          "graph-replay"
        ],
        "cuda_graph_dynamic_replay": {
          "all_finite": true,
          "atol": 0.08,
          "max_abs_error": 0.0003657042980194092,
          "mean_abs_error": 3.4300534025533125e-05,
          "passed": true,
          "rtol": 0.04
        },
        "cuda_graph_first_replay": {
          "all_finite": true,
          "atol": 0.08,
          "max_abs_error": 0.0003595203161239624,
          "mean_abs_error": 3.531983747961931e-05,
          "passed": true,
          "rtol": 0.04
        },
        "eager": {
          "all_finite": true,
          "atol": 0.08,
          "base_output_alias": true,
          "max_abs_error": 0.0003652796149253845,
          "mean_abs_error": 3.433052188483998e-05,
          "passed": true,
          "rtol": 0.04
        },
        "profile_id": "sglang-runtime-kernel-v1",
        "shape": {
          "dtype": "bfloat16",
          "rank": 32,
          "slice_dims": [
            4096
          ],
          "slots": 4,
          "tokens": 16
        }
      },
      {
        "case_id": "sglang-decode-tiny-fp16",
        "contract_tags": [
          "decode",
          "tiny-m"
        ],
        "cuda_graph_dynamic_replay": {
          "all_finite": true,
          "atol": 0.025,
          "max_abs_error": 4.485994577407837e-05,
          "mean_abs_error": 3.701178684423212e-06,
          "passed": true,
          "rtol": 0.015
        },
        "cuda_graph_first_replay": {
          "all_finite": true,
          "atol": 0.025,
          "max_abs_error": 3.276020288467407e-05,
          "mean_abs_error": 3.6395499591890257e-06,
          "passed": true,
          "rtol": 0.015
        },
        "eager": {
          "all_finite": true,
          "atol": 0.025,
          "base_output_alias": true,
          "max_abs_error": 3.714859485626221e-05,
          "mean_abs_error": 3.9590186133864336e-06,
          "passed": true,
          "rtol": 0.015
        },
        "profile_id": "sglang-runtime-kernel-v1",
        "shape": {
          "dtype": "float16",
          "rank": 16,
          "slice_dims": [
            4096
          ],
          "slots": 4,
          "tokens": 1
        }
      },
      {
        "case_id": "sglang-qkv-multislice-fp16",
        "contract_tags": [
          "multi-slice",
          "qkv",
          "dynamic-replay"
        ],
        "cuda_graph_dynamic_replay": {
          "all_finite": true,
          "atol": 0.025,
          "max_abs_error": 4.556775093078613e-05,
          "mean_abs_error": 4.284951046429342e-06,
          "passed": true,
          "rtol": 0.015
        },
        "cuda_graph_first_replay": {
          "all_finite": true,
          "atol": 0.025,
          "max_abs_error": 4.5686960220336914e-05,
          "mean_abs_error": 4.335159246693365e-06,
          "passed": true,
          "rtol": 0.015
        },
        "eager": {
          "all_finite": true,
          "atol": 0.025,
          "base_output_alias": true,
          "max_abs_error": 4.4673681259155273e-05,
          "mean_abs_error": 4.302895831642672e-06,
          "passed": true,
          "rtol": 0.015
        },
        "profile_id": "sglang-runtime-kernel-v1",
        "shape": {
          "dtype": "float16",
          "rank": 32,
          "slice_dims": [
            4096,
            1024,
            1024
          ],
          "slots": 4,
          "tokens": 16
        }
      },
      {
        "case_id": "sglang-slots16-wide-bf16",
        "contract_tags": [
          "high-slot",
          "wide-output"
        ],
        "cuda_graph_dynamic_replay": {
          "all_finite": true,
          "atol": 0.08,
          "max_abs_error": 0.0005592107772827148,
          "mean_abs_error": 4.183293640380725e-05,
          "passed": true,
          "rtol": 0.04
        },
        "cuda_graph_first_replay": {
          "all_finite": true,
          "atol": 0.08,
          "max_abs_error": 0.0005570352077484131,
          "mean_abs_error": 4.168842133367434e-05,
          "passed": true,
          "rtol": 0.04
        },
        "eager": {
          "all_finite": true,
          "atol": 0.08,
          "base_output_alias": true,
          "max_abs_error": 0.0006062090396881104,
          "mean_abs_error": 4.149386950302869e-05,
          "passed": true,
          "rtol": 0.04
        },
        "profile_id": "sglang-runtime-kernel-v1",
        "shape": {
          "dtype": "bfloat16",
          "rank": 64,
          "slice_dims": [
            8192
          ],
          "slots": 16,
          "tokens": 64
        }
      },
      {
        "case_id": "cutlass-tiny-m-fp16",
        "contract_tags": [
          "tiny-m",
          "epilogue-alias"
        ],
        "cuda_graph_dynamic_replay": {
          "all_finite": true,
          "atol": 0.025,
          "max_abs_error": 1.77137553691864e-05,
          "mean_abs_error": 3.420914254093077e-06,
          "passed": true,
          "rtol": 0.015
        },
        "cuda_graph_first_replay": {
          "all_finite": true,
          "atol": 0.025,
          "max_abs_error": 2.7410686016082764e-05,
          "mean_abs_error": 3.650315193226561e-06,
          "passed": true,
          "rtol": 0.015
        },
        "eager": {
          "all_finite": true,
          "atol": 0.025,
          "base_output_alias": true,
          "max_abs_error": 1.5858560800552368e-05,
          "mean_abs_error": 3.012418574144249e-06,
          "passed": true,
          "rtol": 0.015
        },
        "profile_id": "cutlass-cute-kernel-library-v1",
        "shape": {
          "dtype": "float16",
          "rank": 8,
          "slice_dims": [
            256
          ],
          "slots": 4,
          "tokens": 1
        }
      },
      {
        "case_id": "cutlass-skinny-bf16",
        "contract_tags": [
          "skinny-shape",
          "wide-output"
        ],
        "cuda_graph_dynamic_replay": {
          "all_finite": true,
          "atol": 0.08,
          "max_abs_error": 0.00036544352769851685,
          "mean_abs_error": 2.982007572427392e-05,
          "passed": true,
          "rtol": 0.04
        },
        "cuda_graph_first_replay": {
          "all_finite": true,
          "atol": 0.08,
          "max_abs_error": 0.00036294013261795044,
          "mean_abs_error": 3.0431931008934043e-05,
          "passed": true,
          "rtol": 0.04
        },
        "eager": {
          "all_finite": true,
          "atol": 0.08,
          "base_output_alias": true,
          "max_abs_error": 0.0003574937582015991,
          "mean_abs_error": 3.074183041462675e-05,
          "passed": true,
          "rtol": 0.04
        },
        "profile_id": "cutlass-cute-kernel-library-v1",
        "shape": {
          "dtype": "bfloat16",
          "rank": 16,
          "slice_dims": [
            12288
          ],
          "slots": 4,
          "tokens": 8
        }
      },
      {
        "case_id": "cutlass-nonaligned-k-fp16",
        "contract_tags": [
          "non-aligned-k",
          "odd-token"
        ],
        "cuda_graph_dynamic_replay": {
          "all_finite": true,
          "atol": 0.025,
          "max_abs_error": 4.297494888305664e-05,
          "mean_abs_error": 3.992778147221543e-06,
          "passed": true,
          "rtol": 0.015
        },
        "cuda_graph_first_replay": {
          "all_finite": true,
          "atol": 0.025,
          "max_abs_error": 4.5336782932281494e-05,
          "mean_abs_error": 4.010554675915046e-06,
          "passed": true,
          "rtol": 0.015
        },
        "eager": {
          "all_finite": true,
          "atol": 0.025,
          "base_output_alias": true,
          "max_abs_error": 4.54634428024292e-05,
          "mean_abs_error": 4.25679218096775e-06,
          "passed": true,
          "rtol": 0.015
        },
        "profile_id": "cutlass-cute-kernel-library-v1",
        "shape": {
          "dtype": "float16",
          "rank": 24,
          "slice_dims": [
            3072
          ],
          "slots": 5,
          "tokens": 7
        }
      },
      {
        "case_id": "cutlass-nonaligned-n-bf16",
        "contract_tags": [
          "non-aligned-n",
          "odd-token"
        ],
        "cuda_graph_dynamic_replay": {
          "all_finite": true,
          "atol": 0.08,
          "max_abs_error": 0.00035399943590164185,
          "mean_abs_error": 3.531904803821817e-05,
          "passed": true,
          "rtol": 0.04
        },
        "cuda_graph_first_replay": {
          "all_finite": true,
          "atol": 0.08,
          "max_abs_error": 0.0003654956817626953,
          "mean_abs_error": 3.5472701711114496e-05,
          "passed": true,
          "rtol": 0.04
        },
        "eager": {
          "all_finite": true,
          "atol": 0.08,
          "base_output_alias": true,
          "max_abs_error": 0.00036388635635375977,
          "mean_abs_error": 3.581993223633617e-05,
          "passed": true,
          "rtol": 0.04
        },
        "profile_id": "cutlass-cute-kernel-library-v1",
        "shape": {
          "dtype": "bfloat16",
          "rank": 40,
          "slice_dims": [
            3073
          ],
          "slots": 5,
          "tokens": 9
        }
      },
      {
        "case_id": "vllm-slots1-control-fp16",
        "contract_tags": [
          "single-adapter-control",
          "fallback"
        ],
        "cuda_graph_dynamic_replay": {
          "all_finite": true,
          "atol": 0.025,
          "max_abs_error": 3.802776336669922e-05,
          "mean_abs_error": 3.5679313441505656e-06,
          "passed": true,
          "rtol": 0.015
        },
        "cuda_graph_first_replay": {
          "all_finite": true,
          "atol": 0.025,
          "max_abs_error": 4.104524850845337e-05,
          "mean_abs_error": 3.6139151688985294e-06,
          "passed": true,
          "rtol": 0.015
        },
        "eager": {
          "all_finite": true,
          "atol": 0.025,
          "base_output_alias": true,
          "max_abs_error": 4.468858242034912e-05,
          "mean_abs_error": 3.8621665225946344e-06,
          "passed": true,
          "rtol": 0.015
        },
        "profile_id": "vllm-kernel-integration-v1",
        "shape": {
          "dtype": "float16",
          "rank": 16,
          "slice_dims": [
            4096
          ],
          "slots": 1,
          "tokens": 4
        }
      },
      {
        "case_id": "vllm-adapter-burst-fp16",
        "contract_tags": [
          "adapter-burst",
          "decode"
        ],
        "cuda_graph_dynamic_replay": {
          "all_finite": true,
          "atol": 0.025,
          "max_abs_error": 4.334747791290283e-05,
          "mean_abs_error": 3.826919964922126e-06,
          "passed": true,
          "rtol": 0.015
        },
        "cuda_graph_first_replay": {
          "all_finite": true,
          "atol": 0.025,
          "max_abs_error": 4.26173210144043e-05,
          "mean_abs_error": 3.7110930861672387e-06,
          "passed": true,
          "rtol": 0.015
        },
        "eager": {
          "all_finite": true,
          "atol": 0.025,
          "base_output_alias": true,
          "max_abs_error": 4.233419895172119e-05,
          "mean_abs_error": 3.616506546677556e-06,
          "passed": true,
          "rtol": 0.015
        },
        "profile_id": "vllm-kernel-integration-v1",
        "shape": {
          "dtype": "float16",
          "rank": 16,
          "slice_dims": [
            4096
          ],
          "slots": 8,
          "tokens": 16
        }
      },
      {
        "case_id": "vllm-qkv-bf16",
        "contract_tags": [
          "qkv",
          "multi-slice"
        ],
        "cuda_graph_dynamic_replay": {
          "all_finite": true,
          "atol": 0.08,
          "max_abs_error": 0.0004207193851470947,
          "mean_abs_error": 3.4997385228052735e-05,
          "passed": true,
          "rtol": 0.04
        },
        "cuda_graph_first_replay": {
          "all_finite": true,
          "atol": 0.08,
          "max_abs_error": 0.00036428868770599365,
          "mean_abs_error": 3.509290036163293e-05,
          "passed": true,
          "rtol": 0.04
        },
        "eager": {
          "all_finite": true,
          "atol": 0.08,
          "base_output_alias": true,
          "max_abs_error": 0.00036898255348205566,
          "mean_abs_error": 3.4732984204310924e-05,
          "passed": true,
          "rtol": 0.04
        },
        "profile_id": "vllm-kernel-integration-v1",
        "shape": {
          "dtype": "bfloat16",
          "rank": 32,
          "slice_dims": [
            4096,
            1024,
            1024
          ],
          "slots": 4,
          "tokens": 32
        }
      },
      {
        "case_id": "vllm-mixed-batch-bf16",
        "contract_tags": [
          "mixed-batch",
          "high-slot"
        ],
        "cuda_graph_dynamic_replay": {
          "all_finite": true,
          "atol": 0.08,
          "max_abs_error": 0.00044529885053634644,
          "mean_abs_error": 3.432921948842704e-05,
          "passed": true,
          "rtol": 0.04
        },
        "cuda_graph_first_replay": {
          "all_finite": true,
          "atol": 0.08,
          "max_abs_error": 0.00036576390266418457,
          "mean_abs_error": 3.470002775429748e-05,
          "passed": true,
          "rtol": 0.04
        },
        "eager": {
          "all_finite": true,
          "atol": 0.08,
          "base_output_alias": true,
          "max_abs_error": 0.0005634725093841553,
          "mean_abs_error": 3.471971649560146e-05,
          "passed": true,
          "rtol": 0.04
        },
        "profile_id": "vllm-kernel-integration-v1",
        "shape": {
          "dtype": "bfloat16",
          "rank": 32,
          "slice_dims": [
            4096
          ],
          "slots": 8,
          "tokens": 96
        }
      },
      {
        "case_id": "megatron-large-batch-bf16",
        "contract_tags": [
          "large-batch",
          "wide-output"
        ],
        "cuda_graph_dynamic_replay": {
          "all_finite": true,
          "atol": 0.08,
          "max_abs_error": 0.0006831884384155273,
          "mean_abs_error": 4.21491677116137e-05,
          "passed": true,
          "rtol": 0.04
        },
        "cuda_graph_first_replay": {
          "all_finite": true,
          "atol": 0.08,
          "max_abs_error": 0.0006417036056518555,
          "mean_abs_error": 4.1739578591659665e-05,
          "passed": true,
          "rtol": 0.04
        },
        "eager": {
          "all_finite": true,
          "atol": 0.08,
          "base_output_alias": true,
          "max_abs_error": 0.0004998445510864258,
          "mean_abs_error": 4.220335904392414e-05,
          "passed": true,
          "rtol": 0.04
        },
        "profile_id": "megatron-core-training-kernel-host-v1",
        "shape": {
          "dtype": "bfloat16",
          "rank": 64,
          "slice_dims": [
            8192
          ],
          "slots": 4,
          "tokens": 128
        }
      },
      {
        "case_id": "megatron-tp-slices-fp16",
        "contract_tags": [
          "tensor-parallel-shards",
          "multi-slice"
        ],
        "cuda_graph_dynamic_replay": {
          "all_finite": true,
          "atol": 0.025,
          "max_abs_error": 6.151199340820312e-05,
          "mean_abs_error": 5.2344003051985055e-06,
          "passed": true,
          "rtol": 0.015
        },
        "cuda_graph_first_replay": {
          "all_finite": true,
          "atol": 0.025,
          "max_abs_error": 6.875395774841309e-05,
          "mean_abs_error": 5.276741831039544e-06,
          "passed": true,
          "rtol": 0.015
        },
        "eager": {
          "all_finite": true,
          "atol": 0.025,
          "base_output_alias": true,
          "max_abs_error": 6.069988012313843e-05,
          "mean_abs_error": 5.23826520293369e-06,
          "passed": true,
          "rtol": 0.015
        },
        "profile_id": "megatron-core-training-kernel-host-v1",
        "shape": {
          "dtype": "float16",
          "rank": 64,
          "slice_dims": [
            2048,
            2048,
            2048,
            2048
          ],
          "slots": 4,
          "tokens": 64
        }
      },
      {
        "case_id": "megatron-high-rank-bf16",
        "contract_tags": [
          "high-rank",
          "bf16"
        ],
        "cuda_graph_dynamic_replay": {
          "all_finite": true,
          "atol": 0.08,
          "max_abs_error": 0.0007297396659851074,
          "mean_abs_error": 5.275650619296357e-05,
          "passed": true,
          "rtol": 0.04
        },
        "cuda_graph_first_replay": {
          "all_finite": true,
          "atol": 0.08,
          "max_abs_error": 0.000729292631149292,
          "mean_abs_error": 5.306506500346586e-05,
          "passed": true,
          "rtol": 0.04
        },
        "eager": {
          "all_finite": true,
          "atol": 0.08,
          "base_output_alias": true,
          "max_abs_error": 0.0006909668445587158,
          "mean_abs_error": 5.391162994783372e-05,
          "passed": true,
          "rtol": 0.04
        },
        "profile_id": "megatron-core-training-kernel-host-v1",
        "shape": {
          "dtype": "bfloat16",
          "rank": 128,
          "slice_dims": [
            4096
          ],
          "slots": 4,
          "tokens": 32
        }
      },
      {
        "case_id": "megatron-slots3-control-bf16",
        "contract_tags": [
          "fallback",
          "large-batch"
        ],
        "cuda_graph_dynamic_replay": {
          "all_finite": true,
          "atol": 0.08,
          "max_abs_error": 0.0005879700183868408,
          "mean_abs_error": 4.198084570816718e-05,
          "passed": true,
          "rtol": 0.04
        },
        "cuda_graph_first_replay": {
          "all_finite": true,
          "atol": 0.08,
          "max_abs_error": 0.0005084723234176636,
          "mean_abs_error": 4.174944115220569e-05,
          "passed": true,
          "rtol": 0.04
        },
        "eager": {
          "all_finite": true,
          "atol": 0.08,
          "base_output_alias": true,
          "max_abs_error": 0.0006604939699172974,
          "mean_abs_error": 4.17901756009087e-05,
          "passed": true,
          "rtol": 0.04
        },
        "profile_id": "megatron-core-training-kernel-host-v1",
        "shape": {
          "dtype": "bfloat16",
          "rank": 64,
          "slice_dims": [
            8192
          ],
          "slots": 3,
          "tokens": 128
        }
      },
      {
        "case_id": "deepgemm-tiny-m-fp16",
        "contract_tags": [
          "tiny-m",
          "high-slot"
        ],
        "cuda_graph_dynamic_replay": {
          "all_finite": true,
          "atol": 0.025,
          "max_abs_error": 4.267692565917969e-05,
          "mean_abs_error": 4.8683623390388675e-06,
          "passed": true,
          "rtol": 0.015
        },
        "cuda_graph_first_replay": {
          "all_finite": true,
          "atol": 0.025,
          "max_abs_error": 4.929304122924805e-05,
          "mean_abs_error": 5.253667040960863e-06,
          "passed": true,
          "rtol": 0.015
        },
        "eager": {
          "all_finite": true,
          "atol": 0.025,
          "base_output_alias": true,
          "max_abs_error": 4.810839891433716e-05,
          "mean_abs_error": 5.389523266785545e-06,
          "passed": true,
          "rtol": 0.015
        },
        "profile_id": "deepgemm-moe-gemm-kernel-v1",
        "shape": {
          "dtype": "float16",
          "rank": 64,
          "slice_dims": [
            8192
          ],
          "slots": 8,
          "tokens": 2
        }
      },
      {
        "case_id": "deepgemm-throughput-bf16",
        "contract_tags": [
          "throughput",
          "high-slot"
        ],
        "cuda_graph_dynamic_replay": {
          "all_finite": true,
          "atol": 0.08,
          "max_abs_error": 0.0006372630596160889,
          "mean_abs_error": 4.2088253394467756e-05,
          "passed": true,
          "rtol": 0.04
        },
        "cuda_graph_first_replay": {
          "all_finite": true,
          "atol": 0.08,
          "max_abs_error": 0.0005882531404495239,
          "mean_abs_error": 4.165666177868843e-05,
          "passed": true,
          "rtol": 0.04
        },
        "eager": {
          "all_finite": true,
          "atol": 0.08,
          "base_output_alias": true,
          "max_abs_error": 0.000715106725692749,
          "mean_abs_error": 4.1930492443498224e-05,
          "passed": true,
          "rtol": 0.04
        },
        "profile_id": "deepgemm-moe-gemm-kernel-v1",
        "shape": {
          "dtype": "bfloat16",
          "rank": 64,
          "slice_dims": [
            8192
          ],
          "slots": 8,
          "tokens": 128
        }
      },
      {
        "case_id": "deepgemm-nonaligned-k-bf16",
        "contract_tags": [
          "non-aligned-k",
          "bf16"
        ],
        "cuda_graph_dynamic_replay": {
          "all_finite": true,
          "atol": 0.08,
          "max_abs_error": 0.0004695579409599304,
          "mean_abs_error": 3.8263049646047875e-05,
          "passed": true,
          "rtol": 0.04
        },
        "cuda_graph_first_replay": {
          "all_finite": true,
          "atol": 0.08,
          "max_abs_error": 0.00048682093620300293,
          "mean_abs_error": 3.8309644878609106e-05,
          "passed": true,
          "rtol": 0.04
        },
        "eager": {
          "all_finite": true,
          "atol": 0.08,
          "base_output_alias": true,
          "max_abs_error": 0.00036609917879104614,
          "mean_abs_error": 3.7743062421213835e-05,
          "passed": true,
          "rtol": 0.04
        },
        "profile_id": "deepgemm-moe-gemm-kernel-v1",
        "shape": {
          "dtype": "bfloat16",
          "rank": 48,
          "slice_dims": [
            6144
          ],
          "slots": 8,
          "tokens": 32
        }
      },
      {
        "case_id": "deepgemm-multislice-fp16",
        "contract_tags": [
          "multi-slice",
          "high-slot"
        ],
        "cuda_graph_dynamic_replay": {
          "all_finite": true,
          "atol": 0.025,
          "max_abs_error": 6.091594696044922e-05,
          "mean_abs_error": 5.263803814159473e-06,
          "passed": true,
          "rtol": 0.015
        },
        "cuda_graph_first_replay": {
          "all_finite": true,
          "atol": 0.025,
          "max_abs_error": 6.090104579925537e-05,
          "mean_abs_error": 5.233211595623288e-06,
          "passed": true,
          "rtol": 0.015
        },
        "eager": {
          "all_finite": true,
          "atol": 0.025,
          "base_output_alias": true,
          "max_abs_error": 6.099790334701538e-05,
          "mean_abs_error": 5.253910785540938e-06,
          "passed": true,
          "rtol": 0.015
        },
        "profile_id": "deepgemm-moe-gemm-kernel-v1",
        "shape": {
          "dtype": "float16",
          "rank": 64,
          "slice_dims": [
            4096,
            4096
          ],
          "slots": 8,
          "tokens": 32
        }
      }
    ],
    "candidate": [
      {
        "case_id": "sglang-slots3-boundary-bf16",
        "contract_tags": [
          "fallback-boundary",
          "graph-replay"
        ],
        "cuda_graph_dynamic_replay": {
          "all_finite": true,
          "atol": 0.08,
          "max_abs_error": 0.00036613643169403076,
          "mean_abs_error": 3.548251697793603e-05,
          "passed": true,
          "rtol": 0.04
        },
        "cuda_graph_first_replay": {
          "all_finite": true,
          "atol": 0.08,
          "max_abs_error": 0.0003651231527328491,
          "mean_abs_error": 3.416226172703318e-05,
          "passed": true,
          "rtol": 0.04
        },
        "eager": {
          "all_finite": true,
          "atol": 0.08,
          "base_output_alias": true,
          "max_abs_error": 0.0003546476364135742,
          "mean_abs_error": 3.415517494431697e-05,
          "passed": true,
          "rtol": 0.04
        },
        "profile_id": "sglang-runtime-kernel-v1",
        "shape": {
          "dtype": "bfloat16",
          "rank": 32,
          "slice_dims": [
            4096
          ],
          "slots": 3,
          "tokens": 16
        }
      },
      {
        "case_id": "sglang-slots4-boundary-bf16",
        "contract_tags": [
          "fastpath-boundary",
          "graph-replay"
        ],
        "cuda_graph_dynamic_replay": {
          "all_finite": true,
          "atol": 0.08,
          "max_abs_error": 0.00024402141571044922,
          "mean_abs_error": 2.7428573957877234e-05,
          "passed": true,
          "rtol": 0.04
        },
        "cuda_graph_first_replay": {
          "all_finite": true,
          "atol": 0.08,
          "max_abs_error": 0.00024370849132537842,
          "mean_abs_error": 2.7843387215398252e-05,
          "passed": true,
          "rtol": 0.04
        },
        "eager": {
          "all_finite": true,
          "atol": 0.08,
          "base_output_alias": true,
          "max_abs_error": 0.00024393200874328613,
          "mean_abs_error": 2.7338883228367195e-05,
          "passed": true,
          "rtol": 0.04
        },
        "profile_id": "sglang-runtime-kernel-v1",
        "shape": {
          "dtype": "bfloat16",
          "rank": 32,
          "slice_dims": [
            4096
          ],
          "slots": 4,
          "tokens": 16
        }
      },
      {
        "case_id": "sglang-decode-tiny-fp16",
        "contract_tags": [
          "decode",
          "tiny-m"
        ],
        "cuda_graph_dynamic_replay": {
          "all_finite": true,
          "atol": 0.025,
          "max_abs_error": 2.9966235160827637e-05,
          "mean_abs_error": 3.1185852549242554e-06,
          "passed": true,
          "rtol": 0.015
        },
        "cuda_graph_first_replay": {
          "all_finite": true,
          "atol": 0.025,
          "max_abs_error": 3.0197203159332275e-05,
          "mean_abs_error": 3.0719504593434976e-06,
          "passed": true,
          "rtol": 0.015
        },
        "eager": {
          "all_finite": true,
          "atol": 0.025,
          "base_output_alias": true,
          "max_abs_error": 2.9772520065307617e-05,
          "mean_abs_error": 3.2641405596223194e-06,
          "passed": true,
          "rtol": 0.015
        },
        "profile_id": "sglang-runtime-kernel-v1",
        "shape": {
          "dtype": "float16",
          "rank": 16,
          "slice_dims": [
            4096
          ],
          "slots": 4,
          "tokens": 1
        }
      },
      {
        "case_id": "sglang-qkv-multislice-fp16",
        "contract_tags": [
          "multi-slice",
          "qkv",
          "dynamic-replay"
        ],
        "cuda_graph_dynamic_replay": {
          "all_finite": true,
          "atol": 0.025,
          "max_abs_error": 3.045797348022461e-05,
          "mean_abs_error": 3.4378258533251937e-06,
          "passed": true,
          "rtol": 0.015
        },
        "cuda_graph_first_replay": {
          "all_finite": true,
          "atol": 0.025,
          "max_abs_error": 3.0443072319030762e-05,
          "mean_abs_error": 3.4507006603234913e-06,
          "passed": true,
          "rtol": 0.015
        },
        "eager": {
          "all_finite": true,
          "atol": 0.025,
          "base_output_alias": true,
          "max_abs_error": 3.0502676963806152e-05,
          "mean_abs_error": 3.4261715882166754e-06,
          "passed": true,
          "rtol": 0.015
        },
        "profile_id": "sglang-runtime-kernel-v1",
        "shape": {
          "dtype": "float16",
          "rank": 32,
          "slice_dims": [
            4096,
            1024,
            1024
          ],
          "slots": 4,
          "tokens": 16
        }
      },
      {
        "case_id": "sglang-slots16-wide-bf16",
        "contract_tags": [
          "high-slot",
          "wide-output"
        ],
        "cuda_graph_dynamic_replay": {
          "all_finite": true,
          "atol": 0.08,
          "max_abs_error": 0.0004836618900299072,
          "mean_abs_error": 3.1712457712274045e-05,
          "passed": true,
          "rtol": 0.04
        },
        "cuda_graph_first_replay": {
          "all_finite": true,
          "atol": 0.08,
          "max_abs_error": 0.0004367828369140625,
          "mean_abs_error": 3.161073618684895e-05,
          "passed": true,
          "rtol": 0.04
        },
        "eager": {
          "all_finite": true,
          "atol": 0.08,
          "base_output_alias": true,
          "max_abs_error": 0.0004229247570037842,
          "mean_abs_error": 3.149342956021428e-05,
          "passed": true,
          "rtol": 0.04
        },
        "profile_id": "sglang-runtime-kernel-v1",
        "shape": {
          "dtype": "bfloat16",
          "rank": 64,
          "slice_dims": [
            8192
          ],
          "slots": 16,
          "tokens": 64
        }
      },
      {
        "case_id": "cutlass-tiny-m-fp16",
        "contract_tags": [
          "tiny-m",
          "epilogue-alias"
        ],
        "cuda_graph_dynamic_replay": {
          "all_finite": true,
          "atol": 0.025,
          "max_abs_error": 1.4327466487884521e-05,
          "mean_abs_error": 2.973948539874982e-06,
          "passed": true,
          "rtol": 0.015
        },
        "cuda_graph_first_replay": {
          "all_finite": true,
          "atol": 0.025,
          "max_abs_error": 2.7410686016082764e-05,
          "mean_abs_error": 3.246939741075039e-06,
          "passed": true,
          "rtol": 0.015
        },
        "eager": {
          "all_finite": true,
          "atol": 0.025,
          "base_output_alias": true,
          "max_abs_error": 1.5139579772949219e-05,
          "mean_abs_error": 2.862341943909996e-06,
          "passed": true,
          "rtol": 0.015
        },
        "profile_id": "cutlass-cute-kernel-library-v1",
        "shape": {
          "dtype": "float16",
          "rank": 8,
          "slice_dims": [
            256
          ],
          "slots": 4,
          "tokens": 1
        }
      },
      {
        "case_id": "cutlass-skinny-bf16",
        "contract_tags": [
          "skinny-shape",
          "wide-output"
        ],
        "cuda_graph_dynamic_replay": {
          "all_finite": true,
          "atol": 0.08,
          "max_abs_error": 0.00024368613958358765,
          "mean_abs_error": 2.51683213718934e-05,
          "passed": true,
          "rtol": 0.04
        },
        "cuda_graph_first_replay": {
          "all_finite": true,
          "atol": 0.08,
          "max_abs_error": 0.0002436712384223938,
          "mean_abs_error": 2.538202352297958e-05,
          "passed": true,
          "rtol": 0.04
        },
        "eager": {
          "all_finite": true,
          "atol": 0.08,
          "base_output_alias": true,
          "max_abs_error": 0.00024355947971343994,
          "mean_abs_error": 2.5466926672379486e-05,
          "passed": true,
          "rtol": 0.04
        },
        "profile_id": "cutlass-cute-kernel-library-v1",
        "shape": {
          "dtype": "bfloat16",
          "rank": 16,
          "slice_dims": [
            12288
          ],
          "slots": 4,
          "tokens": 8
        }
      },
      {
        "case_id": "cutlass-nonaligned-k-fp16",
        "contract_tags": [
          "non-aligned-k",
          "odd-token"
        ],
        "cuda_graph_dynamic_replay": {
          "all_finite": true,
          "atol": 0.025,
          "max_abs_error": 3.028661012649536e-05,
          "mean_abs_error": 3.262539848947199e-06,
          "passed": true,
          "rtol": 0.015
        },
        "cuda_graph_first_replay": {
          "all_finite": true,
          "atol": 0.025,
          "max_abs_error": 3.0219554901123047e-05,
          "mean_abs_error": 3.2787427244329592e-06,
          "passed": true,
          "rtol": 0.015
        },
        "eager": {
          "all_finite": true,
          "atol": 0.025,
          "base_output_alias": true,
          "max_abs_error": 3.0435621738433838e-05,
          "mean_abs_error": 3.402842139621498e-06,
          "passed": true,
          "rtol": 0.015
        },
        "profile_id": "cutlass-cute-kernel-library-v1",
        "shape": {
          "dtype": "float16",
          "rank": 24,
          "slice_dims": [
            3072
          ],
          "slots": 5,
          "tokens": 7
        }
      },
      {
        "case_id": "cutlass-nonaligned-n-bf16",
        "contract_tags": [
          "non-aligned-n",
          "odd-token"
        ],
        "cuda_graph_dynamic_replay": {
          "all_finite": true,
          "atol": 0.08,
          "max_abs_error": 0.00024405121803283691,
          "mean_abs_error": 2.7771504392148927e-05,
          "passed": true,
          "rtol": 0.04
        },
        "cuda_graph_first_replay": {
          "all_finite": true,
          "atol": 0.08,
          "max_abs_error": 0.00024334341287612915,
          "mean_abs_error": 2.7828389647766016e-05,
          "passed": true,
          "rtol": 0.04
        },
        "eager": {
          "all_finite": true,
          "atol": 0.08,
          "base_output_alias": true,
          "max_abs_error": 0.00024327635765075684,
          "mean_abs_error": 2.8121265131630935e-05,
          "passed": true,
          "rtol": 0.04
        },
        "profile_id": "cutlass-cute-kernel-library-v1",
        "shape": {
          "dtype": "bfloat16",
          "rank": 40,
          "slice_dims": [
            3073
          ],
          "slots": 5,
          "tokens": 9
        }
      },
      {
        "case_id": "vllm-slots1-control-fp16",
        "contract_tags": [
          "single-adapter-control",
          "fallback"
        ],
        "cuda_graph_dynamic_replay": {
          "all_finite": true,
          "atol": 0.025,
          "max_abs_error": 3.802776336669922e-05,
          "mean_abs_error": 3.5679313441505656e-06,
          "passed": true,
          "rtol": 0.015
        },
        "cuda_graph_first_replay": {
          "all_finite": true,
          "atol": 0.025,
          "max_abs_error": 4.104524850845337e-05,
          "mean_abs_error": 3.6139151688985294e-06,
          "passed": true,
          "rtol": 0.015
        },
        "eager": {
          "all_finite": true,
          "atol": 0.025,
          "base_output_alias": true,
          "max_abs_error": 4.468858242034912e-05,
          "mean_abs_error": 3.8621665225946344e-06,
          "passed": true,
          "rtol": 0.015
        },
        "profile_id": "vllm-kernel-integration-v1",
        "shape": {
          "dtype": "float16",
          "rank": 16,
          "slice_dims": [
            4096
          ],
          "slots": 1,
          "tokens": 4
        }
      },
      {
        "case_id": "vllm-adapter-burst-fp16",
        "contract_tags": [
          "adapter-burst",
          "decode"
        ],
        "cuda_graph_dynamic_replay": {
          "all_finite": true,
          "atol": 0.025,
          "max_abs_error": 3.0510127544403076e-05,
          "mean_abs_error": 3.1942154237185605e-06,
          "passed": true,
          "rtol": 0.015
        },
        "cuda_graph_first_replay": {
          "all_finite": true,
          "atol": 0.025,
          "max_abs_error": 3.039836883544922e-05,
          "mean_abs_error": 3.1316753847931977e-06,
          "passed": true,
          "rtol": 0.015
        },
        "eager": {
          "all_finite": true,
          "atol": 0.025,
          "base_output_alias": true,
          "max_abs_error": 3.0368566513061523e-05,
          "mean_abs_error": 3.093126906605903e-06,
          "passed": true,
          "rtol": 0.015
        },
        "profile_id": "vllm-kernel-integration-v1",
        "shape": {
          "dtype": "float16",
          "rank": 16,
          "slice_dims": [
            4096
          ],
          "slots": 8,
          "tokens": 16
        }
      },
      {
        "case_id": "vllm-qkv-bf16",
        "contract_tags": [
          "qkv",
          "multi-slice"
        ],
        "cuda_graph_dynamic_replay": {
          "all_finite": true,
          "atol": 0.08,
          "max_abs_error": 0.00024399161338806152,
          "mean_abs_error": 2.771513391053304e-05,
          "passed": true,
          "rtol": 0.04
        },
        "cuda_graph_first_replay": {
          "all_finite": true,
          "atol": 0.08,
          "max_abs_error": 0.00024406611919403076,
          "mean_abs_error": 2.7838541427627206e-05,
          "passed": true,
          "rtol": 0.04
        },
        "eager": {
          "all_finite": true,
          "atol": 0.08,
          "base_output_alias": true,
          "max_abs_error": 0.00024413317441940308,
          "mean_abs_error": 2.7585585485212505e-05,
          "passed": true,
          "rtol": 0.04
        },
        "profile_id": "vllm-kernel-integration-v1",
        "shape": {
          "dtype": "bfloat16",
          "rank": 32,
          "slice_dims": [
            4096,
            1024,
            1024
          ],
          "slots": 4,
          "tokens": 32
        }
      },
      {
        "case_id": "vllm-mixed-batch-bf16",
        "contract_tags": [
          "mixed-batch",
          "high-slot"
        ],
        "cuda_graph_dynamic_replay": {
          "all_finite": true,
          "atol": 0.08,
          "max_abs_error": 0.00024413317441940308,
          "mean_abs_error": 2.7411024348111823e-05,
          "passed": true,
          "rtol": 0.04
        },
        "cuda_graph_first_replay": {
          "all_finite": true,
          "atol": 0.08,
          "max_abs_error": 0.0002438575029373169,
          "mean_abs_error": 2.760547613434028e-05,
          "passed": true,
          "rtol": 0.04
        },
        "eager": {
          "all_finite": true,
          "atol": 0.08,
          "base_output_alias": true,
          "max_abs_error": 0.0004130899906158447,
          "mean_abs_error": 2.7572748876991682e-05,
          "passed": true,
          "rtol": 0.04
        },
        "profile_id": "vllm-kernel-integration-v1",
        "shape": {
          "dtype": "bfloat16",
          "rank": 32,
          "slice_dims": [
            4096
          ],
          "slots": 8,
          "tokens": 96
        }
      },
      {
        "case_id": "megatron-large-batch-bf16",
        "contract_tags": [
          "large-batch",
          "wide-output"
        ],
        "cuda_graph_dynamic_replay": {
          "all_finite": true,
          "atol": 0.08,
          "max_abs_error": 0.00042945146560668945,
          "mean_abs_error": 3.187486436218023e-05,
          "passed": true,
          "rtol": 0.04
        },
        "cuda_graph_first_replay": {
          "all_finite": true,
          "atol": 0.08,
          "max_abs_error": 0.00048294663429260254,
          "mean_abs_error": 3.159781772410497e-05,
          "passed": true,
          "rtol": 0.04
        },
        "eager": {
          "all_finite": true,
          "atol": 0.08,
          "base_output_alias": true,
          "max_abs_error": 0.0004848390817642212,
          "mean_abs_error": 3.189477865817025e-05,
          "passed": true,
          "rtol": 0.04
        },
        "profile_id": "megatron-core-training-kernel-host-v1",
        "shape": {
          "dtype": "bfloat16",
          "rank": 64,
          "slice_dims": [
            8192
          ],
          "slots": 4,
          "tokens": 128
        }
      },
      {
        "case_id": "megatron-tp-slices-fp16",
        "contract_tags": [
          "tensor-parallel-shards",
          "multi-slice"
        ],
        "cuda_graph_dynamic_replay": {
          "all_finite": true,
          "atol": 0.025,
          "max_abs_error": 6.0558319091796875e-05,
          "mean_abs_error": 3.96185350837186e-06,
          "passed": true,
          "rtol": 0.015
        },
        "cuda_graph_first_replay": {
          "all_finite": true,
          "atol": 0.025,
          "max_abs_error": 6.046891212463379e-05,
          "mean_abs_error": 3.988323442172259e-06,
          "passed": true,
          "rtol": 0.015
        },
        "eager": {
          "all_finite": true,
          "atol": 0.025,
          "base_output_alias": true,
          "max_abs_error": 3.644824028015137e-05,
          "mean_abs_error": 3.953962732339278e-06,
          "passed": true,
          "rtol": 0.015
        },
        "profile_id": "megatron-core-training-kernel-host-v1",
        "shape": {
          "dtype": "float16",
          "rank": 64,
          "slice_dims": [
            2048,
            2048,
            2048,
            2048
          ],
          "slots": 4,
          "tokens": 64
        }
      },
      {
        "case_id": "megatron-high-rank-bf16",
        "contract_tags": [
          "high-rank",
          "bf16"
        ],
        "cuda_graph_dynamic_replay": {
          "all_finite": true,
          "atol": 0.08,
          "max_abs_error": 0.000485837459564209,
          "mean_abs_error": 3.867399937007576e-05,
          "passed": true,
          "rtol": 0.04
        },
        "cuda_graph_first_replay": {
          "all_finite": true,
          "atol": 0.08,
          "max_abs_error": 0.00047722458839416504,
          "mean_abs_error": 3.889118306688033e-05,
          "passed": true,
          "rtol": 0.04
        },
        "eager": {
          "all_finite": true,
          "atol": 0.08,
          "base_output_alias": true,
          "max_abs_error": 0.0004718601703643799,
          "mean_abs_error": 3.941449540434405e-05,
          "passed": true,
          "rtol": 0.04
        },
        "profile_id": "megatron-core-training-kernel-host-v1",
        "shape": {
          "dtype": "bfloat16",
          "rank": 128,
          "slice_dims": [
            4096
          ],
          "slots": 4,
          "tokens": 32
        }
      },
      {
        "case_id": "megatron-slots3-control-bf16",
        "contract_tags": [
          "fallback",
          "large-batch"
        ],
        "cuda_graph_dynamic_replay": {
          "all_finite": true,
          "atol": 0.08,
          "max_abs_error": 0.0005879700183868408,
          "mean_abs_error": 4.198084570816718e-05,
          "passed": true,
          "rtol": 0.04
        },
        "cuda_graph_first_replay": {
          "all_finite": true,
          "atol": 0.08,
          "max_abs_error": 0.0005084723234176636,
          "mean_abs_error": 4.174944115220569e-05,
          "passed": true,
          "rtol": 0.04
        },
        "eager": {
          "all_finite": true,
          "atol": 0.08,
          "base_output_alias": true,
          "max_abs_error": 0.0006604939699172974,
          "mean_abs_error": 4.17901756009087e-05,
          "passed": true,
          "rtol": 0.04
        },
        "profile_id": "megatron-core-training-kernel-host-v1",
        "shape": {
          "dtype": "bfloat16",
          "rank": 64,
          "slice_dims": [
            8192
          ],
          "slots": 3,
          "tokens": 128
        }
      },
      {
        "case_id": "deepgemm-tiny-m-fp16",
        "contract_tags": [
          "tiny-m",
          "high-slot"
        ],
        "cuda_graph_dynamic_replay": {
          "all_finite": true,
          "atol": 0.025,
          "max_abs_error": 3.0517578125e-05,
          "mean_abs_error": 3.7577242437691893e-06,
          "passed": true,
          "rtol": 0.015
        },
        "cuda_graph_first_replay": {
          "all_finite": true,
          "atol": 0.025,
          "max_abs_error": 3.0376017093658447e-05,
          "mean_abs_error": 4.000328772235662e-06,
          "passed": true,
          "rtol": 0.015
        },
        "eager": {
          "all_finite": true,
          "atol": 0.025,
          "base_output_alias": true,
          "max_abs_error": 3.0487775802612305e-05,
          "mean_abs_error": 4.063590495206881e-06,
          "passed": true,
          "rtol": 0.015
        },
        "profile_id": "deepgemm-moe-gemm-kernel-v1",
        "shape": {
          "dtype": "float16",
          "rank": 64,
          "slice_dims": [
            8192
          ],
          "slots": 8,
          "tokens": 2
        }
      },
      {
        "case_id": "deepgemm-throughput-bf16",
        "contract_tags": [
          "throughput",
          "high-slot"
        ],
        "cuda_graph_dynamic_replay": {
          "all_finite": true,
          "atol": 0.08,
          "max_abs_error": 0.0004362761974334717,
          "mean_abs_error": 3.183064836775884e-05,
          "passed": true,
          "rtol": 0.04
        },
        "cuda_graph_first_replay": {
          "all_finite": true,
          "atol": 0.08,
          "max_abs_error": 0.0003885030746459961,
          "mean_abs_error": 3.156256570946425e-05,
          "passed": true,
          "rtol": 0.04
        },
        "eager": {
          "all_finite": true,
          "atol": 0.08,
          "base_output_alias": true,
          "max_abs_error": 0.0004549473524093628,
          "mean_abs_error": 3.170714626321569e-05,
          "passed": true,
          "rtol": 0.04
        },
        "profile_id": "deepgemm-moe-gemm-kernel-v1",
        "shape": {
          "dtype": "bfloat16",
          "rank": 64,
          "slice_dims": [
            8192
          ],
          "slots": 8,
          "tokens": 128
        }
      },
      {
        "case_id": "deepgemm-nonaligned-k-bf16",
        "contract_tags": [
          "non-aligned-k",
          "bf16"
        ],
        "cuda_graph_dynamic_replay": {
          "all_finite": true,
          "atol": 0.08,
          "max_abs_error": 0.00024407356977462769,
          "mean_abs_error": 2.9599083063658327e-05,
          "passed": true,
          "rtol": 0.04
        },
        "cuda_graph_first_replay": {
          "all_finite": true,
          "atol": 0.08,
          "max_abs_error": 0.00024409592151641846,
          "mean_abs_error": 2.962048711196985e-05,
          "passed": true,
          "rtol": 0.04
        },
        "eager": {
          "all_finite": true,
          "atol": 0.08,
          "base_output_alias": true,
          "max_abs_error": 0.0003329068422317505,
          "mean_abs_error": 2.9259328584885225e-05,
          "passed": true,
          "rtol": 0.04
        },
        "profile_id": "deepgemm-moe-gemm-kernel-v1",
        "shape": {
          "dtype": "bfloat16",
          "rank": 48,
          "slice_dims": [
            6144
          ],
          "slots": 8,
          "tokens": 32
        }
      },
      {
        "case_id": "deepgemm-multislice-fp16",
        "contract_tags": [
          "multi-slice",
          "high-slot"
        ],
        "cuda_graph_dynamic_replay": {
          "all_finite": true,
          "atol": 0.025,
          "max_abs_error": 3.0517578125e-05,
          "mean_abs_error": 3.98269639845239e-06,
          "passed": true,
          "rtol": 0.015
        },
        "cuda_graph_first_replay": {
          "all_finite": true,
          "atol": 0.025,
          "max_abs_error": 3.0517578125e-05,
          "mean_abs_error": 3.966399162891321e-06,
          "passed": true,
          "rtol": 0.015
        },
        "eager": {
          "all_finite": true,
          "atol": 0.025,
          "base_output_alias": true,
          "max_abs_error": 5.416572093963623e-05,
          "mean_abs_error": 3.965947598771891e-06,
          "passed": true,
          "rtol": 0.015
        },
        "profile_id": "deepgemm-moe-gemm-kernel-v1",
        "shape": {
          "dtype": "float16",
          "rank": 64,
          "slice_dims": [
            4096,
            4096
          ],
          "slots": 8,
          "tokens": 32
        }
      }
    ]
  },
  "draft_profiles": [
    {
      "authority": "native-target-contract",
      "profile_id": "sglang-runtime-kernel-v1",
      "project": "sglang",
      "role": "primary-host"
    },
    {
      "authority": "dense-gemm-contract-proxy",
      "profile_id": "cutlass-cute-kernel-library-v1",
      "project": "cutlass-cute",
      "role": "primary-peer"
    },
    {
      "authority": "host-workload-contract-proxy",
      "profile_id": "vllm-kernel-integration-v1",
      "project": "vllm",
      "role": "secondary-host"
    },
    {
      "authority": "host-workload-contract-proxy",
      "profile_id": "megatron-core-training-kernel-host-v1",
      "project": "megatron-core",
      "role": "secondary-host"
    },
    {
      "authority": "dense-gemm-contract-proxy",
      "profile_id": "deepgemm-moe-gemm-kernel-v1",
      "project": "deepgemm",
      "role": "secondary-peer"
    }
  ],
  "elapsed_seconds": 13.2359374538064,
  "environment": {
    "compute_capability": [
      12,
      0
    ],
    "cuda": "12.8",
    "gpu": "NVIDIA RTX PRO 4000 Blackwell",
    "torch": "2.8.0+cu128"
  },
  "fresh_process": true,
  "iterations_per_sample": 300,
  "performance": [
    {
      "baseline_median_us": 20.50048033396403,
      "candidate_median_us": 20.50048033396403,
      "capture_order": [
        "baseline",
        "candidate"
      ],
      "case_id": "sglang-slots3-boundary-bf16",
      "contract_tags": [
        "fallback-boundary",
        "graph-replay"
      ],
      "paired_ratio_median": 0.9999739488839888,
      "pairs": [
        {
          "baseline_us": 20.59882640838623,
          "candidate_to_baseline": 0.9966082446138058,
          "candidate_us": 20.52896022796631,
          "order": [
            "baseline",
            "candidate"
          ],
          "sample_index": 0,
          "speedup": 1.003403298542356
        },
        {
          "baseline_us": 20.499733289082844,
          "candidate_to_baseline": 1.0000364416878333,
          "candidate_us": 20.50048033396403,
          "order": [
            "candidate",
            "baseline"
          ],
          "sample_index": 1,
          "speedup": 0.9999635596401149
        },
        {
          "baseline_us": 20.501759847005207,
          "candidate_to_baseline": 0.9999792225383981,
          "candidate_us": 20.501333872477215,
          "order": [
            "baseline",
            "candidate"
          ],
          "sample_index": 2,
          "speedup": 1.0000207778933137
        },
        {
          "baseline_us": 20.50037384033203,
          "candidate_to_baseline": 0.9999739488839888,
          "candidate_us": 20.499839782714844,
          "order": [
            "candidate",
            "baseline"
          ],
          "sample_index": 3,
          "speedup": 1.0000260517946895
        },
        {
          "baseline_us": 20.50048033396403,
          "candidate_to_baseline": 0.9999219245906292,
          "candidate_us": 20.49887975056966,
          "order": [
            "baseline",
            "candidate"
          ],
          "sample_index": 4,
          "speedup": 1.0000780815056163
        }
      ],
      "profile_id": "sglang-runtime-kernel-v1",
      "shape": {
        "dtype": "bfloat16",
        "rank": 32,
        "slice_dims": [
          4096
        ],
        "slots": 3,
        "tokens": 16
      }
    },
    {
      "baseline_median_us": 26.64522647857666,
      "candidate_median_us": 22.5655460357666,
      "capture_order": [
        "candidate",
        "baseline"
      ],
      "case_id": "sglang-slots4-boundary-bf16",
      "contract_tags": [
        "fastpath-boundary",
        "graph-replay"
      ],
      "paired_ratio_median": 0.8468163347591197,
      "pairs": [
        {
          "baseline_us": 26.68341318766276,
          "candidate_to_baseline": 0.8498743012167442,
          "candidate_us": 22.677547136942547,
          "order": [
            "candidate",
            "baseline"
          ],
          "sample_index": 0,
          "speedup": 1.1766445915217396
        },
        {
          "baseline_us": 26.65727933247884,
          "candidate_to_baseline": 0.8465100221747734,
          "candidate_us": 22.565654118855793,
          "order": [
            "baseline",
            "candidate"
          ],
          "sample_index": 1,
          "speedup": 1.1813209221444239
        },
        {
          "baseline_us": 26.638506253560383,
          "candidate_to_baseline": 0.8471025297355249,
          "candidate_us": 22.5655460357666,
          "order": [
            "candidate",
            "baseline"
          ],
          "sample_index": 2,
          "speedup": 1.1804946448598275
        },
        {
          "baseline_us": 26.640960375467937,
          "candidate_to_baseline": 0.8468163347591197,
          "candidate_us": 22.5600004196167,
          "order": [
            "baseline",
            "candidate"
          ],
          "sample_index": 3,
          "speedup": 1.180893611699701
        },
        {
          "baseline_us": 26.64522647857666,
          "candidate_to_baseline": 0.8466607097574423,
          "candidate_us": 22.55946636199951,
          "order": [
            "candidate",
            "baseline"
          ],
          "sample_index": 4,
          "speedup": 1.1811106721681788
        }
      ],
      "profile_id": "sglang-runtime-kernel-v1",
      "shape": {
        "dtype": "bfloat16",
        "rank": 32,
        "slice_dims": [
          4096
        ],
        "slots": 4,
        "tokens": 16
      }
    },
    {
      "baseline_median_us": 22.56384054819743,
      "candidate_median_us": 20.501759847005207,
      "capture_order": [
        "baseline",
        "candidate"
      ],
      "case_id": "sglang-decode-tiny-fp16",
      "contract_tags": [
        "decode",
        "tiny-m"
      ],
      "paired_ratio_median": 0.9084647505931449,
      "pairs": [
        {
          "baseline_us": 22.691413561503094,
          "candidate_to_baseline": 0.9046828487938985,
          "candidate_us": 20.52853266398112,
          "order": [
            "baseline",
            "candidate"
          ],
          "sample_index": 0,
          "speedup": 1.1053597416300929
        },
        {
          "baseline_us": 22.56373405456543,
          "candidate_to_baseline": 0.9087290433826053,
          "candidate_us": 20.504320462544758,
          "order": [
            "candidate",
            "baseline"
          ],
          "sample_index": 1,
          "speedup": 1.1004380318666305
        },
        {
          "baseline_us": 22.565226554870605,
          "candidate_to_baseline": 0.9084183893948593,
          "candidate_us": 20.498666763305664,
          "order": [
            "baseline",
            "candidate"
          ],
          "sample_index": 2,
          "speedup": 1.100814351266213
        },
        {
          "baseline_us": 22.562774022420246,
          "candidate_to_baseline": 0.9086542207369074,
          "candidate_us": 20.501759847005207,
          "order": [
            "candidate",
            "baseline"
          ],
          "sample_index": 3,
          "speedup": 1.100528646847656
        },
        {
          "baseline_us": 22.56384054819743,
          "candidate_to_baseline": 0.9084647505931449,
          "candidate_us": 20.498453776041668,
          "order": [
            "baseline",
            "candidate"
          ],
          "sample_index": 4,
          "speedup": 1.100758173993092
        }
      ],
      "profile_id": "sglang-runtime-kernel-v1",
      "shape": {
        "dtype": "float16",
        "rank": 16,
        "slice_dims": [
          4096
        ],
        "slots": 4,
        "tokens": 1
      }
    },
    {
      "baseline_median_us": 53.273280461629234,
      "candidate_median_us": 34.85791842142741,
      "capture_order": [
        "candidate",
        "baseline"
      ],
      "case_id": "sglang-qkv-multislice-fp16",
      "contract_tags": [
        "multi-slice",
        "qkv",
        "dynamic-replay"
      ],
      "paired_ratio_median": 0.6544800026834905,
      "pairs": [
        {
          "baseline_us": 53.31829388936361,
          "candidate_to_baseline": 0.6561970393772896,
          "candidate_us": 34.98730659484863,
          "order": [
            "candidate",
            "baseline"
          ],
          "sample_index": 0,
          "speedup": 1.523932508060336
        },
        {
          "baseline_us": 53.273280461629234,
          "candidate_to_baseline": 0.6543127669382233,
          "candidate_us": 34.85738754272461,
          "order": [
            "baseline",
            "candidate"
          ],
          "sample_index": 1,
          "speedup": 1.5283210882150107
        },
        {
          "baseline_us": 53.25984001159668,
          "candidate_to_baseline": 0.654375702850473,
          "candidate_us": 34.85194524129232,
          "order": [
            "candidate",
            "baseline"
          ],
          "sample_index": 2,
          "speedup": 1.5281740988303525
        },
        {
          "baseline_us": 53.27786763509115,
          "candidate_to_baseline": 0.6545527360521936,
          "candidate_us": 34.87317403157552,
          "order": [
            "baseline",
            "candidate"
          ],
          "sample_index": 3,
          "speedup": 1.5277607821660082
        },
        {
          "baseline_us": 53.26047897338867,
          "candidate_to_baseline": 0.6544800026834905,
          "candidate_us": 34.85791842142741,
          "order": [
            "candidate",
            "baseline"
          ],
          "sample_index": 4,
          "speedup": 1.52793056457006
        }
      ],
      "profile_id": "sglang-runtime-kernel-v1",
      "shape": {
        "dtype": "float16",
        "rank": 32,
        "slice_dims": [
          4096,
          1024,
          1024
        ],
        "slots": 4,
        "tokens": 16
      }
    },
    {
      "baseline_median_us": 128.222287495931,
      "candidate_median_us": 110.64437866210938,
      "capture_order": [
        "baseline",
        "candidate"
      ],
      "case_id": "sglang-slots16-wide-bf16",
      "contract_tags": [
        "high-slot",
        "wide-output"
      ],
      "paired_ratio_median": 0.8629106594719,
      "pairs": [
        {
          "baseline_us": 129.3460210164388,
          "candidate_to_baseline": 0.8562508448283235,
          "candidate_us": 110.75263977050781,
          "order": [
            "baseline",
            "candidate"
          ],
          "sample_index": 0,
          "speedup": 1.1678820593753667
        },
        {
          "baseline_us": 128.222287495931,
          "candidate_to_baseline": 0.8629106594719,
          "candidate_us": 110.64437866210938,
          "order": [
            "candidate",
            "baseline"
          ],
          "sample_index": 1,
          "speedup": 1.1588685213507484
        },
        {
          "baseline_us": 128.7791951497396,
          "candidate_to_baseline": 0.859141665040748,
          "candidate_us": 110.63957214355469,
          "order": [
            "baseline",
            "candidate"
          ],
          "sample_index": 2,
          "speedup": 1.1639523965498417
        },
        {
          "baseline_us": 127.79093424479167,
          "candidate_to_baseline": 0.8656271592280431,
          "candidate_us": 110.61930338541667,
          "order": [
            "candidate",
            "baseline"
          ],
          "sample_index": 3,
          "speedup": 1.1552317754121637
        },
        {
          "baseline_us": 127.97920227050781,
          "candidate_to_baseline": 0.864756345299718,
          "candidate_us": 110.6708272298177,
          "order": [
            "baseline",
            "candidate"
          ],
          "sample_index": 4,
          "speedup": 1.1563950995391743
        }
      ],
      "profile_id": "sglang-runtime-kernel-v1",
      "shape": {
        "dtype": "bfloat16",
        "rank": 64,
        "slice_dims": [
          8192
        ],
        "slots": 16,
        "tokens": 64
      }
    },
    {
      "baseline_median_us": 22.564373016357422,
      "candidate_median_us": 18.593279520670574,
      "capture_order": [
        "candidate",
        "baseline"
      ],
      "case_id": "cutlass-tiny-m-fp16",
      "contract_tags": [
        "tiny-m",
        "epilogue-alias"
      ],
      "paired_ratio_median": 0.8240104658432958,
      "pairs": [
        {
          "baseline_us": 22.601173718770344,
          "candidate_to_baseline": 0.8282236227629113,
          "candidate_us": 18.718825976053875,
          "order": [
            "candidate",
            "baseline"
          ],
          "sample_index": 0,
          "speedup": 1.2074033781650075
        },
        {
          "baseline_us": 22.56384054819743,
          "candidate_to_baseline": 0.8243939588083664,
          "candidate_us": 18.60149383544922,
          "order": [
            "baseline",
            "candidate"
          ],
          "sample_index": 1,
          "speedup": 1.2130122853465184
        },
        {
          "baseline_us": 22.56234645843506,
          "candidate_to_baseline": 0.823952108210489,
          "candidate_us": 18.590292930603027,
          "order": [
            "candidate",
            "baseline"
          ],
          "sample_index": 2,
          "speedup": 1.2136627724296536
        },
        {
          "baseline_us": 22.56490707397461,
          "candidate_to_baseline": 0.8225113851107574,
          "candidate_us": 18.559892972310383,
          "order": [
            "baseline",
            "candidate"
          ],
          "sample_index": 3,
          "speedup": 1.2157886420810362
        },
        {
          "baseline_us": 22.564373016357422,
          "candidate_to_baseline": 0.8240104658432958,
          "candidate_us": 18.593279520670574,
          "order": [
            "candidate",
            "baseline"
          ],
          "sample_index": 4,
          "speedup": 1.2135768190475538
        }
      ],
      "profile_id": "cutlass-cute-kernel-library-v1",
      "shape": {
        "dtype": "float16",
        "rank": 8,
        "slice_dims": [
          256
        ],
        "slots": 4,
        "tokens": 1
      }
    },
    {
      "baseline_median_us": 29.72991943359375,
      "candidate_median_us": 26.64021333058675,
      "capture_order": [
        "baseline",
        "candidate"
      ],
      "case_id": "cutlass-skinny-bf16",
      "contract_tags": [
        "skinny-shape",
        "wide-output"
      ],
      "paired_ratio_median": 0.8961423507392465,
      "pairs": [
        {
          "baseline_us": 30.3549861907959,
          "candidate_to_baseline": 0.878585103362676,
          "candidate_us": 26.66943868001302,
          "order": [
            "baseline",
            "candidate"
          ],
          "sample_index": 0,
          "speedup": 1.1381936663535763
        },
        {
          "baseline_us": 29.72991943359375,
          "candidate_to_baseline": 0.8961423507392465,
          "candidate_us": 26.642239888509113,
          "order": [
            "candidate",
            "baseline"
          ],
          "sample_index": 1,
          "speedup": 1.1158941424597097
        },
        {
          "baseline_us": 29.735358556111652,
          "candidate_to_baseline": 0.895910277332481,
          "candidate_us": 26.64021333058675,
          "order": [
            "baseline",
            "candidate"
          ],
          "sample_index": 2,
          "speedup": 1.1161831997032559
        },
        {
          "baseline_us": 29.47146733601888,
          "candidate_to_baseline": 0.9038744474389926,
          "candidate_us": 26.638506253560383,
          "order": [
            "candidate",
            "baseline"
          ],
          "sample_index": 3,
          "speedup": 1.1063483460931618
        },
        {
          "baseline_us": 29.40479914347331,
          "candidate_to_baseline": 0.9059527889339941,
          "candidate_us": 26.639359792073567,
          "order": [
            "baseline",
            "candidate"
          ],
          "sample_index": 4,
          "speedup": 1.103810278211813
        }
      ],
      "profile_id": "cutlass-cute-kernel-library-v1",
      "shape": {
        "dtype": "bfloat16",
        "rank": 16,
        "slice_dims": [
          12288
        ],
        "slots": 4,
        "tokens": 8
      }
    },
    {
      "baseline_median_us": 28.71264139811198,
      "candidate_median_us": 24.614720344543457,
      "capture_order": [
        "candidate",
        "baseline"
      ],
      "case_id": "cutlass-nonaligned-k-fp16",
      "contract_tags": [
        "non-aligned-k",
        "odd-token"
      ],
      "paired_ratio_median": 0.8573960571694703,
      "pairs": [
        {
          "baseline_us": 28.7612787882487,
          "candidate_to_baseline": 0.8596854650491914,
          "candidate_us": 24.725653330485027,
          "order": [
            "candidate",
            "baseline"
          ],
          "sample_index": 0,
          "speedup": 1.1632161303818016
        },
        {
          "baseline_us": 28.70869318644206,
          "candidate_to_baseline": 0.8573960571694703,
          "candidate_us": 24.614720344543457,
          "order": [
            "baseline",
            "candidate"
          ],
          "sample_index": 1,
          "speedup": 1.1663221350717536
        },
        {
          "baseline_us": 28.710826237996418,
          "candidate_to_baseline": 0.8572394619141918,
          "candidate_us": 24.612053235371906,
          "order": [
            "candidate",
            "baseline"
          ],
          "sample_index": 2,
          "speedup": 1.1665351916569822
        },
        {
          "baseline_us": 28.712854385375977,
          "candidate_to_baseline": 0.8571937460329797,
          "candidate_us": 24.612479209899902,
          "order": [
            "baseline",
            "candidate"
          ],
          "sample_index": 3,
          "speedup": 1.1665974053449593
        },
        {
          "baseline_us": 28.71264139811198,
          "candidate_to_baseline": 0.8574230288558201,
          "candidate_us": 24.618879954020183,
          "order": [
            "candidate",
            "baseline"
          ],
          "sample_index": 4,
          "speedup": 1.1662854464434438
        }
      ],
      "profile_id": "cutlass-cute-kernel-library-v1",
      "shape": {
        "dtype": "float16",
        "rank": 24,
        "slice_dims": [
          3072
        ],
        "slots": 5,
        "tokens": 7
      }
    },
    {
      "baseline_median_us": 45.04224141438802,
      "candidate_median_us": 40.99967956542969,
      "capture_order": [
        "baseline",
        "candidate"
      ],
      "case_id": "cutlass-nonaligned-n-bf16",
      "contract_tags": [
        "non-aligned-n",
        "odd-token"
      ],
      "paired_ratio_median": 0.9105834372686862,
      "pairs": [
        {
          "baseline_us": 45.201921463012695,
          "candidate_to_baseline": 0.9079661122439615,
          "candidate_us": 41.041812896728516,
          "order": [
            "baseline",
            "candidate"
          ],
          "sample_index": 0,
          "speedup": 1.1013626902094227
        },
        {
          "baseline_us": 45.05525271097819,
          "candidate_to_baseline": 0.9099866741051412,
          "candidate_us": 40.99967956542969,
          "order": [
            "candidate",
            "baseline"
          ],
          "sample_index": 1,
          "speedup": 1.098917191269175
        },
        {
          "baseline_us": 45.04224141438802,
          "candidate_to_baseline": 0.9105834372686862,
          "candidate_us": 41.014719009399414,
          "order": [
            "baseline",
            "candidate"
          ],
          "sample_index": 2,
          "speedup": 1.0981970010343265
        },
        {
          "baseline_us": 44.89930788675944,
          "candidate_to_baseline": 0.913071210691569,
          "candidate_us": 40.99626541137695,
          "order": [
            "candidate",
            "baseline"
          ],
          "sample_index": 3,
          "speedup": 1.0952048299087103
        },
        {
          "baseline_us": 44.79829470316569,
          "candidate_to_baseline": 0.9150729208984323,
          "candidate_us": 40.993706385294594,
          "order": [
            "baseline",
            "candidate"
          ],
          "sample_index": 4,
          "speedup": 1.0928090834752109
        }
      ],
      "profile_id": "cutlass-cute-kernel-library-v1",
      "shape": {
        "dtype": "bfloat16",
        "rank": 40,
        "slice_dims": [
          3073
        ],
        "slots": 5,
        "tokens": 9
      }
    },
    {
      "baseline_median_us": 6.180160045623779,
      "candidate_median_us": 6.177386840184529,
      "capture_order": [
        "candidate",
        "baseline"
      ],
      "case_id": "vllm-slots1-control-fp16",
      "contract_tags": [
        "single-adapter-control",
        "fallback"
      ],
      "paired_ratio_median": 1.0004318981392275,
      "pairs": [
        {
          "baseline_us": 6.186453501383464,
          "candidate_to_baseline": 1.008534741455945,
          "candidate_us": 6.239253282546997,
          "order": [
            "candidate",
            "baseline"
          ],
          "sample_index": 0,
          "speedup": 0.9915374839307727
        },
        {
          "baseline_us": 6.180160045623779,
          "candidate_to_baseline": 0.9995512728766283,
          "candidate_us": 6.177386840184529,
          "order": [
            "baseline",
            "candidate"
          ],
          "sample_index": 1,
          "speedup": 1.0004489285697975
        },
        {
          "baseline_us": 6.1743998527526855,
          "candidate_to_baseline": 1.0004318981392275,
          "candidate_us": 6.1770665645599365,
          "order": [
            "candidate",
            "baseline"
          ],
          "sample_index": 2,
          "speedup": 0.9995682883162454
        },
        {
          "baseline_us": 6.184533437093099,
          "candidate_to_baseline": 0.9984477529008176,
          "candidate_us": 6.174933513005574,
          "order": [
            "baseline",
            "candidate"
          ],
          "sample_index": 3,
          "speedup": 1.0015546603161485
        },
        {
          "baseline_us": 6.17578665415446,
          "candidate_to_baseline": 1.0019862467053526,
          "candidate_us": 6.188053290049235,
          "order": [
            "candidate",
            "baseline"
          ],
          "sample_index": 4,
          "speedup": 0.9980176906500626
        }
      ],
      "profile_id": "vllm-kernel-integration-v1",
      "shape": {
        "dtype": "float16",
        "rank": 16,
        "slice_dims": [
          4096
        ],
        "slots": 1,
        "tokens": 4
      }
    },
    {
      "baseline_median_us": 47.14613278706869,
      "candidate_median_us": 40.97066561381022,
      "capture_order": [
        "baseline",
        "candidate"
      ],
      "case_id": "vllm-adapter-burst-fp16",
      "contract_tags": [
        "adapter-burst",
        "decode"
      ],
      "paired_ratio_median": 0.868979466580589,
      "pairs": [
        {
          "baseline_us": 47.32576052347819,
          "candidate_to_baseline": 0.8667888012927982,
          "candidate_us": 41.02143923441569,
          "order": [
            "baseline",
            "candidate"
          ],
          "sample_index": 0,
          "speedup": 1.153683571486526
        },
        {
          "baseline_us": 47.15135892232259,
          "candidate_to_baseline": 0.8688976631438927,
          "candidate_us": 40.96970558166504,
          "order": [
            "candidate",
            "baseline"
          ],
          "sample_index": 1,
          "speedup": 1.1508835187584068
        },
        {
          "baseline_us": 47.14336077372233,
          "candidate_to_baseline": 0.868979466580589,
          "candidate_us": 40.96661249796549,
          "order": [
            "baseline",
            "candidate"
          ],
          "sample_index": 2,
          "speedup": 1.1507751776172264
        },
        {
          "baseline_us": 47.14495976765951,
          "candidate_to_baseline": 0.8690359651534854,
          "candidate_us": 40.97066561381022,
          "order": [
            "candidate",
            "baseline"
          ],
          "sample_index": 3,
          "speedup": 1.1507003623531096
        },
        {
          "baseline_us": 47.14613278706869,
          "candidate_to_baseline": 0.8690211532132494,
          "candidate_us": 40.970986684163414,
          "order": [
            "baseline",
            "candidate"
          ],
          "sample_index": 4,
          "speedup": 1.1507199753451913
        }
      ],
      "profile_id": "vllm-kernel-integration-v1",
      "shape": {
        "dtype": "float16",
        "rank": 16,
        "slice_dims": [
          4096
        ],
        "slots": 8,
        "tokens": 16
      }
    },
    {
      "baseline_median_us": 55.55914560953776,
      "candidate_median_us": 36.90752029418945,
      "capture_order": [
        "candidate",
        "baseline"
      ],
      "case_id": "vllm-qkv-bf16",
      "contract_tags": [
        "qkv",
        "multi-slice"
      ],
      "paired_ratio_median": 0.6646138740053661,
      "pairs": [
        {
          "baseline_us": 55.63061396280924,
          "candidate_to_baseline": 0.6657533269660508,
          "candidate_us": 37.0362663269043,
          "order": [
            "candidate",
            "baseline"
          ],
          "sample_index": 0,
          "speedup": 1.5020578335780417
        },
        {
          "baseline_us": 55.49717585245768,
          "candidate_to_baseline": 0.6650342062866432,
          "candidate_us": 36.90752029418945,
          "order": [
            "baseline",
            "candidate"
          ],
          "sample_index": 1,
          "speedup": 1.5036820520612133
        },
        {
          "baseline_us": 55.55914560953776,
          "candidate_to_baseline": 0.6642789921336107,
          "candidate_us": 36.906773249308266,
          "order": [
            "candidate",
            "baseline"
          ],
          "sample_index": 2,
          "speedup": 1.5053915776985214
        },
        {
          "baseline_us": 55.53002675374349,
          "candidate_to_baseline": 0.6646138740053661,
          "candidate_us": 36.906026204427086,
          "order": [
            "baseline",
            "candidate"
          ],
          "sample_index": 3,
          "speedup": 1.5046330495230167
        },
        {
          "baseline_us": 55.676371256510414,
          "candidate_to_baseline": 0.662893781711281,
          "candidate_us": 36.90752029418945,
          "order": [
            "candidate",
            "baseline"
          ],
          "sample_index": 4,
          "speedup": 1.5085373065628536
        }
      ],
      "profile_id": "vllm-kernel-integration-v1",
      "shape": {
        "dtype": "bfloat16",
        "rank": 32,
        "slice_dims": [
          4096,
          1024,
          1024
        ],
        "slots": 4,
        "tokens": 32
      }
    },
    {
      "baseline_median_us": 63.48565419514974,
      "candidate_median_us": 51.25119845072428,
      "capture_order": [
        "baseline",
        "candidate"
      ],
      "case_id": "vllm-mixed-batch-bf16",
      "contract_tags": [
        "mixed-batch",
        "high-slot"
      ],
      "paired_ratio_median": 0.8072610293197188,
      "pairs": [
        {
          "baseline_us": 63.66528193155924,
          "candidate_to_baseline": 0.8060371993001976,
          "candidate_us": 51.316585540771484,
          "order": [
            "baseline",
            "candidate"
          ],
          "sample_index": 0,
          "speedup": 1.2406375299653678
        },
        {
          "baseline_us": 63.49045435587565,
          "candidate_to_baseline": 0.8072268338709928,
          "candidate_us": 51.25119845072428,
          "order": [
            "candidate",
            "baseline"
          ],
          "sample_index": 1,
          "speedup": 1.238809164958725
        },
        {
          "baseline_us": 63.48351796468099,
          "candidate_to_baseline": 0.8073385688707587,
          "candidate_us": 51.252692540486656,
          "order": [
            "baseline",
            "candidate"
          ],
          "sample_index": 2,
          "speedup": 1.238637714780208
        },
        {
          "baseline_us": 63.4765879313151,
          "candidate_to_baseline": 0.8073779818197189,
          "candidate_us": 51.24959945678711,
          "order": [
            "candidate",
            "baseline"
          ],
          "sample_index": 3,
          "speedup": 1.2385772494639222
        },
        {
          "baseline_us": 63.48565419514974,
          "candidate_to_baseline": 0.8072610293197188,
          "candidate_us": 51.249494552612305,
          "order": [
            "baseline",
            "candidate"
          ],
          "sample_index": 4,
          "speedup": 1.2387566891996544
        }
      ],
      "profile_id": "vllm-kernel-integration-v1",
      "shape": {
        "dtype": "bfloat16",
        "rank": 32,
        "slice_dims": [
          4096
        ],
        "slots": 8,
        "tokens": 96
      }
    },
    {
      "baseline_median_us": 45.06453196207682,
      "candidate_median_us": 38.951571782430015,
      "capture_order": [
        "candidate",
        "baseline"
      ],
      "case_id": "megatron-large-batch-bf16",
      "contract_tags": [
        "large-batch",
        "wide-output"
      ],
      "paired_ratio_median": 0.8643375705547094,
      "pairs": [
        {
          "baseline_us": 45.101121266682945,
          "candidate_to_baseline": 0.8661969696606596,
          "candidate_us": 39.066454569498696,
          "order": [
            "candidate",
            "baseline"
          ],
          "sample_index": 0,
          "speedup": 1.1544718291865634
        },
        {
          "baseline_us": 45.066773096720375,
          "candidate_to_baseline": 0.8643079835965585,
          "candidate_us": 38.951571782430015,
          "order": [
            "baseline",
            "candidate"
          ],
          "sample_index": 1,
          "speedup": 1.1569949820882135
        },
        {
          "baseline_us": 45.061651865641274,
          "candidate_to_baseline": 0.8643375705547094,
          "candidate_us": 38.94847869873047,
          "order": [
            "candidate",
            "baseline"
          ],
          "sample_index": 2,
          "speedup": 1.15695537723557
        },
        {
          "baseline_us": 45.06453196207682,
          "candidate_to_baseline": 0.8641640324163048,
          "candidate_us": 38.94314765930176,
          "order": [
            "baseline",
            "candidate"
          ],
          "sample_index": 3,
          "speedup": 1.1571877126196537
        },
        {
          "baseline_us": 45.0600528717041,
          "candidate_to_baseline": 0.8645008027349074,
          "candidate_us": 38.95445187886556,
          "order": [
            "candidate",
            "baseline"
          ],
          "sample_index": 4,
          "speedup": 1.1567369247505979
        }
      ],
      "profile_id": "megatron-core-training-kernel-host-v1",
      "shape": {
        "dtype": "bfloat16",
        "rank": 64,
        "slice_dims": [
          8192
        ],
        "slots": 4,
        "tokens": 128
      }
    },
    {
      "baseline_median_us": 73.7554105122884,
      "candidate_median_us": 47.14933395385742,
      "capture_order": [
        "baseline",
        "candidate"
      ],
      "case_id": "megatron-tp-slices-fp16",
      "contract_tags": [
        "tensor-parallel-shards",
        "multi-slice"
      ],
      "paired_ratio_median": 0.6392530879325367,
      "pairs": [
        {
          "baseline_us": 73.95925521850586,
          "candidate_to_baseline": 0.6381430586054844,
          "candidate_us": 47.19658533732096,
          "order": [
            "baseline",
            "candidate"
          ],
          "sample_index": 0,
          "speedup": 1.5670467405620163
        },
        {
          "baseline_us": 73.7224515279134,
          "candidate_to_baseline": 0.6395519000884737,
          "candidate_us": 47.14933395385742,
          "order": [
            "candidate",
            "baseline"
          ],
          "sample_index": 1,
          "speedup": 1.563594760427829
        },
        {
          "baseline_us": 73.75221252441406,
          "candidate_to_baseline": 0.639450027671889,
          "candidate_us": 47.16085433959961,
          "order": [
            "baseline",
            "candidate"
          ],
          "sample_index": 2,
          "speedup": 1.5638438607013627
        },
        {
          "baseline_us": 73.7554105122884,
          "candidate_to_baseline": 0.6392530879325367,
          "candidate_us": 47.14837392171224,
          "order": [
            "candidate",
            "baseline"
          ],
          "sample_index": 3,
          "speedup": 1.5643256464105413
        },
        {
          "baseline_us": 73.76341501871745,
          "candidate_to_baseline": 0.6391432084621403,
          "candidate_us": 47.1453857421875,
          "order": [
            "baseline",
            "candidate"
          ],
          "sample_index": 4,
          "speedup": 1.5645945803071692
        }
      ],
      "profile_id": "megatron-core-training-kernel-host-v1",
      "shape": {
        "dtype": "float16",
        "rank": 64,
        "slice_dims": [
          2048,
          2048,
          2048,
          2048
        ],
        "slots": 4,
        "tokens": 64
      }
    },
    {
      "baseline_median_us": 30.465386708577473,
      "candidate_median_us": 26.641279856363933,
      "capture_order": [
        "candidate",
        "baseline"
      ],
      "case_id": "megatron-high-rank-bf16",
      "contract_tags": [
        "high-rank",
        "bf16"
      ],
      "paired_ratio_median": 0.8747763856606218,
      "pairs": [
        {
          "baseline_us": 30.58762550354004,
          "candidate_to_baseline": 0.8747763856606218,
          "candidate_us": 26.75733248392741,
          "order": [
            "candidate",
            "baseline"
          ],
          "sample_index": 0,
          "speedup": 1.1431492852254015
        },
        {
          "baseline_us": 30.550613403320312,
          "candidate_to_baseline": 0.8719955960173112,
          "candidate_us": 26.640000343322754,
          "order": [
            "baseline",
            "candidate"
          ],
          "sample_index": 1,
          "speedup": 1.1467947826426266
        },
        {
          "baseline_us": 30.386025110880535,
          "candidate_to_baseline": 0.876760937277851,
          "candidate_us": 26.641279856363933,
          "order": [
            "candidate",
            "baseline"
          ],
          "sample_index": 2,
          "speedup": 1.1405617625994824
        },
        {
          "baseline_us": 30.465386708577473,
          "candidate_to_baseline": 0.8745575506110346,
          "candidate_us": 26.643733978271484,
          "order": [
            "baseline",
            "candidate"
          ],
          "sample_index": 3,
          "speedup": 1.143435328299803
        },
        {
          "baseline_us": 30.140374501546223,
          "candidate_to_baseline": 0.8838359590868045,
          "candidate_us": 26.63914680480957,
          "order": [
            "candidate",
            "baseline"
          ],
          "sample_index": 4,
          "speedup": 1.131431675435811
        }
      ],
      "profile_id": "megatron-core-training-kernel-host-v1",
      "shape": {
        "dtype": "bfloat16",
        "rank": 128,
        "slice_dims": [
          4096
        ],
        "slots": 4,
        "tokens": 32
      }
    },
    {
      "baseline_median_us": 34.78111902872721,
      "candidate_median_us": 34.269011815389,
      "capture_order": [
        "baseline",
        "candidate"
      ],
      "case_id": "megatron-slots3-control-bf16",
      "contract_tags": [
        "fallback",
        "large-batch"
      ],
      "paired_ratio_median": 0.985276287030465,
      "pairs": [
        {
          "baseline_us": 34.9346129099528,
          "candidate_to_baseline": 0.9945132066770408,
          "candidate_us": 34.742933909098305,
          "order": [
            "baseline",
            "candidate"
          ],
          "sample_index": 0,
          "speedup": 1.005517064314603
        },
        {
          "baseline_us": 34.815359115600586,
          "candidate_to_baseline": 0.9921659720424599,
          "candidate_us": 34.54261461893717,
          "order": [
            "candidate",
            "baseline"
          ],
          "sample_index": 1,
          "speedup": 1.0078958845377584
        },
        {
          "baseline_us": 34.78111902872721,
          "candidate_to_baseline": 0.985276287030465,
          "candidate_us": 34.269011815389,
          "order": [
            "baseline",
            "candidate"
          ],
          "sample_index": 2,
          "speedup": 1.014943740312589
        },
        {
          "baseline_us": 34.78101412455241,
          "candidate_to_baseline": 0.9841506765141288,
          "candidate_us": 34.22975858052572,
          "order": [
            "candidate",
            "baseline"
          ],
          "sample_index": 3,
          "speedup": 1.0161045700258111
        },
        {
          "baseline_us": 34.748268127441406,
          "candidate_to_baseline": 0.9796785431338432,
          "candidate_us": 34.04213269551595,
          "order": [
            "baseline",
            "candidate"
          ],
          "sample_index": 4,
          "speedup": 1.020742984531591
        }
      ],
      "profile_id": "megatron-core-training-kernel-host-v1",
      "shape": {
        "dtype": "bfloat16",
        "rank": 64,
        "slice_dims": [
          8192
        ],
        "slots": 3,
        "tokens": 128
      }
    },
    {
      "baseline_median_us": 49.140373865763344,
      "candidate_median_us": 41.00533485412598,
      "capture_order": [
        "candidate",
        "baseline"
      ],
      "case_id": "deepgemm-tiny-m-fp16",
      "contract_tags": [
        "tiny-m",
        "high-slot"
      ],
      "paired_ratio_median": 0.8350304846352027,
      "pairs": [
        {
          "baseline_us": 49.20938809712728,
          "candidate_to_baseline": 0.836599184686499,
          "candidate_us": 41.16853396097819,
          "order": [
            "candidate",
            "baseline"
          ],
          "sample_index": 0,
          "speedup": 1.1953155325805542
        },
        {
          "baseline_us": 49.15029207865397,
          "candidate_to_baseline": 0.8342846628155571,
          "candidate_us": 41.00533485412598,
          "order": [
            "baseline",
            "candidate"
          ],
          "sample_index": 1,
          "speedup": 1.1986316476503165
        },
        {
          "baseline_us": 49.140373865763344,
          "candidate_to_baseline": 0.8343879067616108,
          "candidate_us": 41.00213368733724,
          "order": [
            "candidate",
            "baseline"
          ],
          "sample_index": 2,
          "speedup": 1.1984833335865994
        },
        {
          "baseline_us": 49.095147450764976,
          "candidate_to_baseline": 0.8352716699393512,
          "candidate_us": 41.00778579711914,
          "order": [
            "baseline",
            "candidate"
          ],
          "sample_index": 3,
          "speedup": 1.1972152725742629
        },
        {
          "baseline_us": 49.106133778889976,
          "candidate_to_baseline": 0.8350304846352027,
          "candidate_us": 41.00511868794759,
          "order": [
            "candidate",
            "baseline"
          ],
          "sample_index": 4,
          "speedup": 1.197561069206793
        }
      ],
      "profile_id": "deepgemm-moe-gemm-kernel-v1",
      "shape": {
        "dtype": "float16",
        "rank": 64,
        "slice_dims": [
          8192
        ],
        "slots": 8,
        "tokens": 2
      }
    },
    {
      "baseline_median_us": 88.05066426595052,
      "candidate_median_us": 75.83594640096028,
      "capture_order": [
        "baseline",
        "candidate"
      ],
      "case_id": "deepgemm-throughput-bf16",
      "contract_tags": [
        "throughput",
        "high-slot"
      ],
      "paired_ratio_median": 0.8612652205901095,
      "pairs": [
        {
          "baseline_us": 88.24778874715169,
          "candidate_to_baseline": 0.8599845664792315,
          "candidate_us": 75.89173634847005,
          "order": [
            "baseline",
            "candidate"
          ],
          "sample_index": 0,
          "speedup": 1.162811565437727
        },
        {
          "baseline_us": 88.05066426595052,
          "candidate_to_baseline": 0.8612956066976424,
          "candidate_us": 75.83765029907227,
          "order": [
            "candidate",
            "baseline"
          ],
          "sample_index": 1,
          "speedup": 1.1610415660125963
        },
        {
          "baseline_us": 88.04906845092773,
          "candidate_to_baseline": 0.8612652205901095,
          "candidate_us": 75.83360036214192,
          "order": [
            "baseline",
            "candidate"
          ],
          "sample_index": 2,
          "speedup": 1.161082528462991
        },
        {
          "baseline_us": 88.04800033569336,
          "candidate_to_baseline": 0.8613023136451347,
          "candidate_us": 75.83594640096028,
          "order": [
            "candidate",
            "baseline"
          ],
          "sample_index": 3,
          "speedup": 1.161032525000287
        },
        {
          "baseline_us": 88.0513064066569,
          "candidate_to_baseline": 0.8610810112559699,
          "candidate_us": 75.81930796305339,
          "order": [
            "baseline",
            "candidate"
          ],
          "sample_index": 4,
          "speedup": 1.161330916520158
        }
      ],
      "profile_id": "deepgemm-moe-gemm-kernel-v1",
      "shape": {
        "dtype": "bfloat16",
        "rank": 64,
        "slice_dims": [
          8192
        ],
        "slots": 8,
        "tokens": 128
      }
    },
    {
      "baseline_median_us": 55.30133565266927,
      "candidate_median_us": 47.10912068684896,
      "capture_order": [
        "candidate",
        "baseline"
      ],
      "case_id": "deepgemm-nonaligned-k-bf16",
      "contract_tags": [
        "non-aligned-k",
        "bf16"
      ],
      "paired_ratio_median": 0.8518661122116157,
      "pairs": [
        {
          "baseline_us": 55.36298751831055,
          "candidate_to_baseline": 0.8537631871031236,
          "candidate_us": 47.266880671183266,
          "order": [
            "candidate",
            "baseline"
          ],
          "sample_index": 0,
          "speedup": 1.1712849828921152
        },
        {
          "baseline_us": 55.29919942220052,
          "candidate_to_baseline": 0.851893211764062,
          "candidate_us": 47.109012603759766,
          "order": [
            "baseline",
            "candidate"
          ],
          "sample_index": 1,
          "speedup": 1.1738560493154362
        },
        {
          "baseline_us": 55.30239741007487,
          "candidate_to_baseline": 0.8518613087707216,
          "candidate_us": 47.109972635904946,
          "order": [
            "candidate",
            "baseline"
          ],
          "sample_index": 2,
          "speedup": 1.1739000113094114
        },
        {
          "baseline_us": 55.300585428873696,
          "candidate_to_baseline": 0.8518661122116157,
          "candidate_us": 47.10869471232096,
          "order": [
            "baseline",
            "candidate"
          ],
          "sample_index": 3,
          "speedup": 1.1738933920071066
        },
        {
          "baseline_us": 55.30133565266927,
          "candidate_to_baseline": 0.8518622584945669,
          "candidate_us": 47.10912068684896,
          "order": [
            "candidate",
            "baseline"
          ],
          "sample_index": 4,
          "speedup": 1.1738987025522483
        }
      ],
      "profile_id": "deepgemm-moe-gemm-kernel-v1",
      "shape": {
        "dtype": "bfloat16",
        "rank": 48,
        "slice_dims": [
          6144
        ],
        "slots": 8,
        "tokens": 32
      }
    },
    {
      "baseline_median_us": 84.03711954752605,
      "candidate_median_us": 57.4668820699056,
      "capture_order": [
        "baseline",
        "candidate"
      ],
      "case_id": "deepgemm-multislice-fp16",
      "contract_tags": [
        "multi-slice",
        "high-slot"
      ],
      "paired_ratio_median": 0.6837516107379707,
      "pairs": [
        {
          "baseline_us": 84.4103495279948,
          "candidate_to_baseline": 0.6815833873130168,
          "candidate_us": 57.532691955566406,
          "order": [
            "baseline",
            "candidate"
          ],
          "sample_index": 0,
          "speedup": 1.4671719097237188
        },
        {
          "baseline_us": 84.03488159179688,
          "candidate_to_baseline": 0.6837516107379707,
          "candidate_us": 57.45898564656576,
          "order": [
            "candidate",
            "baseline"
          ],
          "sample_index": 1,
          "speedup": 1.4625194066024991
        },
        {
          "baseline_us": 84.03839747111003,
          "candidate_to_baseline": 0.6838169669960812,
          "candidate_us": 57.4668820699056,
          "order": [
            "baseline",
            "candidate"
          ],
          "sample_index": 2,
          "speedup": 1.4623796253445855
        },
        {
          "baseline_us": 84.03615951538086,
          "candidate_to_baseline": 0.6836638170883158,
          "candidate_us": 57.45248158772787,
          "order": [
            "candidate",
            "baseline"
          ],
          "sample_index": 3,
          "speedup": 1.4627072180870146
        },
        {
          "baseline_us": 84.03711954752605,
          "candidate_to_baseline": 0.6839238256981293,
          "candidate_us": 57.474988301595054,
          "order": [
            "baseline",
            "candidate"
          ],
          "sample_index": 4,
          "speedup": 1.4621511379271361
        }
      ],
      "profile_id": "deepgemm-moe-gemm-kernel-v1",
      "shape": {
        "dtype": "float16",
        "rank": 64,
        "slice_dims": [
          4096,
          4096
        ],
        "slots": 8,
        "tokens": 32
      }
    }
  ],
  "replay_index": 4,
  "samples_per_case": 5,
  "schema_version": "0.5"
}
